Faculty,1st Semester,2nd Semester,Average,Classification,Value
1,4,1.5,2.75,Non-Performer,2
2,3,4.1,3.55,Performer,1
3,2.2,4.8,3.5,Performer,1
4,2,,#VALUE!,#VALUE!,#VALUE!
5,3.3,2.8,3.05,Performer,1
6,1.6,2.3,1.95,Non-Performer,2
7,3.7,3.2,3.45,Performer,1
8,1.5,3.4,2.45,Non-Performer,2
9,2.5,3.5,3,Performer,1
10,2.9,,#VALUE!,#VALUE!,#VALUE!
11,2.7,1.9,2.3,Non-Performer,2
12,4.4,1.2,2.8,Non-Performer,2
13,4.5,2.2,3.35,Performer,1
14,1.7,4,2.85,Non-Performer,2
15,2.1,2.1,2.1,Non-Performer,2
16,2.5,2,2.25,Non-Performer,2
17,2.8,3,2.9,Non-Performer,2
18,3.6,2.5,3.05,Performer,1
19,3.2,,#VALUE!,#VALUE!,#VALUE!
20,4.7,1.9,3.3,Performer,1
21,2.4,1.1,1.75,Non-Performer,2
22,3.3,4.7,4,Performer,1
23,3.5,1.3,2.4,Non-Performer,2
24,4.7,3.3,4,Performer,1
25,2.2,3.7,2.95,Non-Performer,2
26,3.2,,#VALUE!,#VALUE!,#VALUE!
27,2.7,3.8,3.25,Performer,1
28,4.5,3.2,3.85,Performer,1
29,4.1,4.6,4.35,Performer,1
30,2.3,1.3,1.8,Non-Performer,2
31,3.5,,#VALUE!,#VALUE!,#VALUE!
32,4.3,2.2,3.25,Performer,1
33,2.2,4.4,3.3,Performer,1
34,2.4,3.3,2.85,Non-Performer,2
35,4.4,2.9,3.65,Performer,1
36,1.7,2.4,2.05,Non-Performer,2
37,1.5,4.3,2.9,Non-Performer,2
38,1.4,1.1,1.25,Non-Performer,2
39,2.7,3,2.85,Non-Performer,2
40,4.2,3.2,3.7,Performer,1
41,1.9,4.4,3.15,Performer,1
42,2.8,2.7,2.75,Non-Performer,2
43,4.1,2,3.05,Performer,1
44,2.7,3.9,3.3,Performer,1
45,1.6,1.7,1.65,Non-Performer,2
46,4.2,3.6,3.9,Performer,1
47,4.6,2.9,3.75,Performer,1
48,2.3,3.9,3.1,Performer,1
49,3.8,2.9,3.35,Performer,1
50,2.8,4.1,3.45,Performer,1
51,1.1,3.3,2.2,Non-Performer,2
52,2.9,4.4,3.65,Performer,1
53,3,1.5,2.25,Non-Performer,2
54,2.7,3.2,2.95,Non-Performer,2
55,4.6,2.8,3.7,Performer,1
56,4.5,3.7,4.1,Performer,1
57,1.9,3.6,2.75,Non-Performer,2
58,1.9,2.1,2,Non-Performer,2
59,3.5,4.7,4.1,Performer,1
60,3.3,3.4,3.35,Performer,1
61,2.4,4.3,3.35,Performer,1
62,2.1,3,2.55,Non-Performer,2
63,2.1,1.1,1.6,Non-Performer,2
64,2.4,4.8,3.6,Performer,1
65,2,4.8,3.4,Performer,1
66,1.4,4.6,3,Performer,1
67,4.3,1.9,3.1,Performer,1
68,2.1,4.2,3.15,Performer,1
69,3.3,4,3.65,Performer,1
70,2,3.5,2.75,Non-Performer,2
71,3.3,4.5,3.9,Performer,1
72,3.3,1.7,2.5,Non-Performer,2
73,2.6,1.3,1.95,Non-Performer,2
74,2.6,1.6,2.1,Non-Performer,2
75,3,2.1,2.55,Non-Performer,2
76,2.8,2.7,2.75,Non-Performer,2
77,4.8,2.3,3.55,Performer,1
78,2.8,3.4,3.1,Performer,1
79,1.6,1.7,1.65,Non-Performer,2
80,3.4,1.7,2.55,Non-Performer,2
81,2.8,3.8,3.3,Performer,1
82,1.1,3.9,2.5,Non-Performer,2
83,2.5,3.1,2.8,Non-Performer,2
84,4.4,3.2,3.8,Performer,1
85,1.2,3,2.1,Non-Performer,2
86,2.3,2.6,2.45,Non-Performer,2
87,2.4,1.6,2,Non-Performer,2
88,3.3,3.7,3.5,Performer,1
89,4.8,2.4,3.6,Performer,1
90,3.3,3.4,3.35,Performer,1
91,3.4,3.7,3.55,Performer,1
92,2,4.3,3.15,Performer,1
93,4.5,2.8,3.65,Performer,1
94,2.8,3.9,3.35,Performer,1
95,2.5,2.9,2.7,Non-Performer,2
96,2.4,1.8,2.1,Non-Performer,2
97,3.1,2.6,2.85,Non-Performer,2
98,3.4,4.8,4.1,Performer,1
99,2.2,4.2,3.2,Performer,1
100,1.8,4.6,3.2,Performer,1
101,2.9,3.4,3.15,Performer,1
102,3.3,3,3.15,Performer,1
103,1.8,2.8,2.3,Non-Performer,2
104,2,3.3,2.65,Non-Performer,2
105,3.2,2,2.6,Non-Performer,2
106,1.6,3.8,2.7,Non-Performer,2
107,3.9,3.2,3.55,Performer,1
108,4.3,3,3.65,Performer,1
109,3.4,1.7,2.55,Non-Performer,2
110,1.7,4,2.85,Non-Performer,2
111,1.7,2,1.85,Non-Performer,2
112,3.3,2.8,3.05,Performer,1
113,3,4.8,3.9,Performer,1
114,1.2,1.5,1.35,Non-Performer,2
115,2.3,2.6,2.45,Non-Performer,2
116,2.7,1.5,2.1,Non-Performer,2
117,2.6,3.6,3.1,Performer,1
118,3.2,3.6,3.4,Performer,1
119,2,2.9,2.45,Non-Performer,2
120,2.4,2.9,2.65,Non-Performer,2
121,3.6,3.1,3.35,Performer,1
122,3.7,1.6,2.65,Non-Performer,2
123,2.5,4.4,3.45,Performer,1
124,2.8,3.3,3.05,Performer,1
125,1.7,1.7,1.7,Non-Performer,2
126,3,4.3,3.65,Performer,1
127,1.3,3.8,2.55,Non-Performer,2
128,3.5,4.8,4.15,Performer,1
129,4.7,3.4,4.05,Performer,1
130,2,1.3,1.65,Non-Performer,2
131,2.9,3.2,3.05,Performer,1
132,1.9,2.8,2.35,Non-Performer,2
133,3.8,4.3,4.05,Performer,1
134,3.8,3,3.4,Performer,1
135,3.1,2.2,2.65,Non-Performer,2
136,4.5,4.7,4.6,Performer,1
137,1.2,1.4,1.3,Non-Performer,2
138,4.8,2.6,3.7,Performer,1
139,1.9,1.5,1.7,Non-Performer,2
140,3.4,3.2,3.3,Performer,1
141,4.1,4,4.05,Performer,1
142,3.4,3.4,3.4,Performer,1
143,4.1,1.9,3,Performer,1
144,4.1,3.3,3.7,Performer,1
145,2.7,1.4,2.05,Non-Performer,2
146,1.8,2.8,2.3,Non-Performer,2
147,3.6,2.3,2.95,Non-Performer,2
148,3.1,2.5,2.8,Non-Performer,2
149,1.7,4.7,3.2,Performer,1
150,3.7,1.4,2.55,Non-Performer,2
151,4.1,4.4,4.25,Performer,1
152,1.8,1.7,1.75,Non-Performer,2
153,4.1,4.5,4.3,Performer,1
154,4.3,4.1,4.2,Performer,1
155,1.8,3.3,2.55,Non-Performer,2
156,4.3,4.2,4.25,Performer,1
157,4.6,1.3,2.95,Non-Performer,2
158,2.1,1.9,2,Non-Performer,2
159,1.3,1.2,1.25,Non-Performer,2
160,2.9,4.8,3.85,Performer,1
161,2.3,1.5,1.9,Non-Performer,2
162,2.4,3.7,3.05,Performer,1
163,2.5,4.2,3.35,Performer,1
164,3.4,1.6,2.5,Non-Performer,2
165,3.2,1.4,2.3,Non-Performer,2
166,3.9,1.3,2.6,Non-Performer,2
167,4.4,1.4,2.9,Non-Performer,2
168,3.9,3.8,3.85,Performer,1
169,2.5,3.6,3.05,Performer,1
170,1.2,3.3,2.25,Non-Performer,2
171,2.8,1.8,2.3,Non-Performer,2
172,3.3,2.4,2.85,Non-Performer,2
173,3.6,2.4,3,Performer,1
174,4.2,1.2,2.7,Non-Performer,2
175,4.4,4,4.2,Performer,1
176,4,4,4,Performer,1
177,2.1,2.6,2.35,Non-Performer,2
178,3.6,1.6,2.6,Non-Performer,2
179,2.7,1.6,2.15,Non-Performer,2
180,1.5,4.8,3.15,Performer,1
181,1.6,2.3,1.95,Non-Performer,2
182,3.5,3.1,3.3,Performer,1
183,3.8,1.2,2.5,Non-Performer,2
184,3.2,4.8,4,Performer,1
185,3.2,1.6,2.4,Non-Performer,2
186,4.2,3.9,4.05,Performer,1
187,2,3.4,2.7,Non-Performer,2
188,4.5,1.5,3,Performer,1
189,2.9,1.4,2.15,Non-Performer,2
190,2.2,1.1,1.65,Non-Performer,2
191,2.5,1.7,2.1,Non-Performer,2
192,3.8,3.1,3.45,Performer,1
193,1.4,4.5,2.95,Non-Performer,2
194,3.3,3.1,3.2,Performer,1
195,2.2,1.1,1.65,Non-Performer,2
196,2.5,1.7,2.1,Non-Performer,2
197,2.8,2.4,2.6,Non-Performer,2
198,3.6,3.2,3.4,Performer,1
199,1.5,3.8,2.65,Non-Performer,2
200,3.4,2,2.7,Non-Performer,2
201,3.5,2,2.75,Non-Performer,2
202,4.7,3.6,4.15,Performer,1
203,3.4,2.4,2.9,Non-Performer,2
204,1.9,2.9,2.4,Non-Performer,2
205,2.6,2.8,2.7,Non-Performer,2
206,2.9,2,2.45,Non-Performer,2
207,4.1,1.6,2.85,Non-Performer,2
208,1.7,1.2,1.45,Non-Performer,2
209,2.9,4.7,3.8,Performer,1
210,2.5,4.2,3.35,Performer,1
211,3.5,1.9,2.7,Non-Performer,2
212,4.3,2.5,3.4,Performer,1
213,2.8,2.3,2.55,Non-Performer,2
214,3.6,1.2,2.4,Non-Performer,2
215,1.9,1.4,1.65,Non-Performer,2
216,4.6,3.8,4.2,Performer,1
217,3.3,1.5,2.4,Non-Performer,2
218,2.5,3,2.75,Non-Performer,2
219,4.4,4.7,4.55,Performer,1
220,4.1,3.4,3.75,Performer,1
221,3.3,4.1,3.7,Performer,1
222,4.2,4,4.1,Performer,1
223,1.4,3,2.2,Non-Performer,2
224,2.7,4.7,3.7,Performer,1
225,1.5,2,1.75,Non-Performer,2
226,3.9,4.8,4.35,Performer,1
227,4.3,4.6,4.45,Performer,1
228,4.4,4.9,4.65,Performer,1
229,1.1,2.7,1.9,Non-Performer,2
230,3,3.2,3.1,Performer,1
231,3.3,3.6,3.45,Performer,1
232,3.1,4.8,3.95,Performer,1
233,4.9,2.2,3.55,Performer,1
234,4.1,4.5,4.3,Performer,1
235,4.7,1.2,2.95,Non-Performer,2
236,3,4.9,3.95,Performer,1
237,4.9,1.6,3.25,Performer,1
238,2.3,2.1,2.2,Non-Performer,2
239,4.3,2.8,3.55,Performer,1
240,1.9,2.3,2.1,Non-Performer,2
241,1.1,1.3,1.2,Non-Performer,2
242,2.6,3,2.8,Non-Performer,2
243,3.3,1.7,2.5,Non-Performer,2
244,4.2,3.1,3.65,Performer,1
245,1.8,4.6,3.2,Performer,1
246,1.2,2.9,2.05,Non-Performer,2
247,1.5,2.4,1.95,Non-Performer,2
248,4.1,4.8,4.45,Performer,1
249,4.7,3.8,4.25,Performer,1
250,4.4,2.5,3.45,Performer,1
251,2.8,1.4,2.1,Non-Performer,2
252,1.3,1.3,1.3,Non-Performer,2
253,2.7,3.9,3.3,Performer,1
254,4.8,3.4,4.1,Performer,1
255,2.1,3,2.55,Non-Performer,2
256,4.6,4,4.3,Performer,1
257,4.8,2.8,3.8,Performer,1
258,1.3,4.4,2.85,Non-Performer,2
259,3.9,2,2.95,Non-Performer,2
260,1.7,3.2,2.45,Non-Performer,2
261,2.5,1.3,1.9,Non-Performer,2
262,2.2,3.2,2.7,Non-Performer,2
263,1.9,1.7,1.8,Non-Performer,2
264,1.9,4.2,3.05,Performer,1
265,2.1,2.3,2.2,Non-Performer,2
266,1.9,3.6,2.75,Non-Performer,2
267,2.6,1.6,2.1,Non-Performer,2
268,3.1,4.2,3.65,Performer,1
269,4.7,2.6,3.65,Performer,1
270,4.4,4.4,4.4,Performer,1
271,2.7,1.3,2,Non-Performer,2
272,3.4,1.8,2.6,Non-Performer,2
273,1.6,4.5,3.05,Performer,1
274,2.5,4.1,3.3,Performer,1
275,4.6,1.5,3.05,Performer,1
276,3.1,3.4,3.25,Performer,1
277,3.2,1.4,2.3,Non-Performer,2
278,4,2.3,3.15,Performer,1
279,2.6,1.2,1.9,Non-Performer,2
280,4.4,4.8,4.6,Performer,1
281,4.4,3.6,4,Performer,1
282,1.5,3.6,2.55,Non-Performer,2
283,2.4,2.4,2.4,Non-Performer,2
284,2.8,1.7,2.25,Non-Performer,2
285,3.7,4,3.85,Performer,1
286,2.6,3.1,2.85,Non-Performer,2
287,1.6,2.3,1.95,Non-Performer,2
288,3.1,3.9,3.5,Performer,1
289,2.8,3,2.9,Non-Performer,2
290,1.8,3.4,2.6,Non-Performer,2
291,2.8,2.7,2.75,Non-Performer,2
292,1.4,3.6,2.5,Non-Performer,2
293,1.9,1.8,1.85,Non-Performer,2
294,3.6,3.4,3.5,Performer,1
295,4.7,2.8,3.75,Performer,1
296,1.1,4,2.55,Non-Performer,2
297,1.3,4,2.65,Non-Performer,2
298,1.3,4.3,2.8,Non-Performer,2
299,2.6,4.1,3.35,Performer,1
300,3.9,3.3,3.6,Performer,1
301,3.2,3.4,3.3,Performer,1
302,4.7,4.3,4.5,Performer,1
303,1.6,4.7,3.15,Performer,1
304,1.2,3.7,2.45,Non-Performer,2
305,2.5,3.5,3,Performer,1
306,4.3,1.1,2.7,Non-Performer,2
307,4.6,2,3.3,Performer,1
308,2.5,1.5,2,Non-Performer,2
309,4.8,3.8,4.3,Performer,1
310,2,2.8,2.4,Non-Performer,2
311,1.2,4.6,2.9,Non-Performer,2
312,4.8,2.1,3.45,Performer,1
313,2.7,1.4,2.05,Non-Performer,2
314,3.4,4,3.7,Performer,1
315,2.6,2.1,2.35,Non-Performer,2
316,1.7,1.5,1.6,Non-Performer,2
317,1.2,4.6,2.9,Non-Performer,2
318,1.5,1.1,1.3,Non-Performer,2
319,2.6,4.1,3.35,Performer,1
320,3.6,4.2,3.9,Performer,1
321,1.2,2.2,1.7,Non-Performer,2
322,4,1.5,2.75,Non-Performer,2
323,4.1,3.3,3.7,Performer,1
324,1.8,1.5,1.65,Non-Performer,2
325,2.1,4,3.05,Performer,1
326,3,1.7,2.35,Non-Performer,2
327,3.1,4,3.55,Performer,1
328,3.2,4.5,3.85,Performer,1
329,3.5,1.5,2.5,Non-Performer,2
330,4.3,3.8,4.05,Performer,1
331,3.4,4.9,4.15,Performer,1
332,4.8,3.6,4.2,Performer,1
333,4,4.3,4.15,Performer,1
334,3,3.1,3.05,Performer,1
335,4.1,1.9,3,Performer,1
336,4.2,3.4,3.8,Performer,1
337,3.5,4.4,3.95,Performer,1
338,1.6,2.4,2,Non-Performer,2
339,1.5,4.2,2.85,Non-Performer,2
340,4.5,2.1,3.3,Performer,1
341,4.1,3.4,3.75,Performer,1
342,2.4,4.8,3.6,Performer,1
343,4.6,4.8,4.7,Performer,1
344,2.6,3.3,2.95,Non-Performer,2
345,1.7,4.6,3.15,Performer,1
346,2.2,2.2,2.2,Non-Performer,2
347,1.8,2.3,2.05,Non-Performer,2
348,2.8,4.2,3.5,Performer,1
349,3.5,3.8,3.65,Performer,1
350,1.9,1.7,1.8,Non-Performer,2
351,3.6,2.1,2.85,Non-Performer,2
352,3,1.3,2.15,Non-Performer,2
353,2.3,4.5,3.4,Performer,1
354,1.3,4.8,3.05,Performer,1
355,2.2,1.4,1.8,Non-Performer,2
356,1.3,3.1,2.2,Non-Performer,2
357,3.5,3.1,3.3,Performer,1
358,3.9,1.2,2.55,Non-Performer,2
359,4.6,2.4,3.5,Performer,1
360,2.8,2.7,2.75,Non-Performer,2
361,1.3,4.5,2.9,Non-Performer,2
362,1.9,4.3,3.1,Performer,1
363,4.3,3.2,3.75,Performer,1
364,3.7,1.3,2.5,Non-Performer,2
365,3,4.6,3.8,Performer,1
366,4.8,1.6,3.2,Performer,1
367,1.6,1.2,1.4,Non-Performer,2
368,1.9,2.1,2,Non-Performer,2
369,3.1,4.4,3.75,Performer,1
370,3.6,4.3,3.95,Performer,1
371,1.5,1.1,1.3,Non-Performer,2
372,1.6,2.4,2,Non-Performer,2
373,1.9,1.1,1.5,Non-Performer,2
374,1.1,3.2,2.15,Non-Performer,2
375,4.6,1.2,2.9,Non-Performer,2
376,1.2,1.9,1.55,Non-Performer,2
377,2,4.4,3.2,Performer,1
378,4.2,2.2,3.2,Performer,1
379,2.2,4.1,3.15,Performer,1
380,4.8,3.1,3.95,Performer,1
381,2.7,3,2.85,Non-Performer,2
382,2.6,4.4,3.5,Performer,1
383,3,4.2,3.6,Performer,1
384,1.6,1.7,1.65,Non-Performer,2
385,4.8,2.5,3.65,Performer,1
386,4.3,3.3,3.8,Performer,1
387,3.3,2.8,3.05,Performer,1
388,2,1.3,1.65,Non-Performer,2
389,3.6,1.5,2.55,Non-Performer,2
390,1.6,1.5,1.55,Non-Performer,2
391,1.2,3.4,2.3,Non-Performer,2
392,1.8,3.9,2.85,Non-Performer,2
393,1.2,1.7,1.45,Non-Performer,2
394,2.2,2.4,2.3,Non-Performer,2
395,4.1,4.3,4.2,Performer,1
396,2.7,1.9,2.3,Non-Performer,2
397,3.3,1.7,2.5,Non-Performer,2
398,2.2,4.4,3.3,Performer,1
399,2.9,2.8,2.85,Non-Performer,2
400,3,2.6,2.8,Non-Performer,2
401,4.1,4.2,4.15,Performer,1
402,3.8,2.3,3.05,Performer,1
403,2.1,3.7,2.9,Non-Performer,2
404,4.4,2.2,3.3,Performer,1
405,3.9,4.6,4.25,Performer,1
406,1.8,3,2.4,Non-Performer,2
407,2.1,4.4,3.25,Performer,1
408,2.1,4.4,3.25,Performer,1
409,1.8,3.9,2.85,Non-Performer,2
410,3.7,2.3,3,Performer,1
411,4.2,2,3.1,Performer,1
412,2.6,4.8,3.7,Performer,1
413,1.6,3.1,2.35,Non-Performer,2
414,1.5,1.5,1.5,Non-Performer,2
415,3.3,1.3,2.3,Non-Performer,2
416,3.4,3.6,3.5,Performer,1
417,1.8,1.7,1.75,Non-Performer,2
418,4.9,3.8,4.35,Performer,1
419,3.8,2.1,2.95,Non-Performer,2
420,3.2,2.8,3,Performer,1
421,4.4,3.5,3.95,Performer,1
422,4,2.5,3.25,Performer,1
423,3.4,4.6,4,Performer,1
424,4,1.4,2.7,Non-Performer,2
425,1.5,3,2.25,Non-Performer,2
426,3.3,4.5,3.9,Performer,1
427,4.7,1.2,2.95,Non-Performer,2
428,1.1,1.7,1.4,Non-Performer,2
429,3.3,3,3.15,Performer,1
430,1.2,1.6,1.4,Non-Performer,2
431,3.7,4.9,4.3,Performer,1
432,3.3,1.8,2.55,Non-Performer,2
433,1.1,2.4,1.75,Non-Performer,2
434,3.3,4.2,3.75,Performer,1
435,2.2,2.3,2.25,Non-Performer,2
436,2.9,4,3.45,Performer,1
437,1.8,2.5,2.15,Non-Performer,2
438,4.7,1.7,3.2,Performer,1
439,3.8,2.4,3.1,Performer,1
440,1.1,2.9,2,Non-Performer,2
441,4.1,4.9,4.5,Performer,1
442,3.9,1.6,2.75,Non-Performer,2
443,2.4,2.4,2.4,Non-Performer,2
444,3.2,2.9,3.05,Performer,1
445,1.9,1.1,1.5,Non-Performer,2
446,2.9,3.9,3.4,Performer,1
447,4.6,2.6,3.6,Performer,1
448,4.2,1.4,2.8,Non-Performer,2
449,2,4.1,3.05,Performer,1
450,3.1,3.5,3.3,Performer,1
451,2.5,3,2.75,Non-Performer,2
452,1.5,1.4,1.45,Non-Performer,2
453,2.3,1.6,1.95,Non-Performer,2
454,1.8,3.3,2.55,Non-Performer,2
455,3.3,3.5,3.4,Performer,1
456,2.5,4.1,3.3,Performer,1
457,2.9,2.3,2.6,Non-Performer,2
458,4.2,1.4,2.8,Non-Performer,2
459,1.6,2.7,2.15,Non-Performer,2
460,4.5,3,3.75,Performer,1
461,2.4,4.3,3.35,Performer,1
462,4.5,4.8,4.65,Performer,1
463,4.4,4.4,4.4,Performer,1
464,1.9,2.7,2.3,Non-Performer,2
465,1.3,4.5,2.9,Non-Performer,2
466,3.4,1.8,2.6,Non-Performer,2
467,2.9,4.7,3.8,Performer,1
468,4.6,1.9,3.25,Performer,1
469,2.4,3,2.7,Non-Performer,2
470,3.3,3.7,3.5,Performer,1
471,2.5,2.9,2.7,Non-Performer,2
472,4,3.9,3.95,Performer,1
473,3.5,3.2,3.35,Performer,1
474,3.5,2,2.75,Non-Performer,2
475,1.7,3.6,2.65,Non-Performer,2
476,1.2,1.9,1.55,Non-Performer,2
477,3.9,3.3,3.6,Performer,1
478,4.6,4.6,4.6,Performer,1
479,2.7,2.6,2.65,Non-Performer,2
480,2.9,1.8,2.35,Non-Performer,2
481,2.2,1.7,1.95,Non-Performer,2
482,4.9,3.6,4.25,Performer,1
483,1.4,1.8,1.6,Non-Performer,2
484,3.5,1.8,2.65,Non-Performer,2
485,3.8,4.4,4.1,Performer,1
486,2.7,1.4,2.05,Non-Performer,2
487,4.1,3.3,3.7,Performer,1
488,4,1.2,2.6,Non-Performer,2
489,4.1,2.1,3.1,Performer,1
490,1.7,2.4,2.05,Non-Performer,2
491,4.2,3.6,3.9,Performer,1
492,1.8,1.3,1.55,Non-Performer,2
493,3.3,1.6,2.45,Non-Performer,2
494,1.4,3.1,2.25,Non-Performer,2
495,3.5,3.8,3.65,Performer,1
496,2.1,2.7,2.4,Non-Performer,2
497,1.9,1.8,1.85,Non-Performer,2
498,2.2,4.1,3.15,Performer,1
499,3.8,1.7,2.75,Non-Performer,2
500,3.1,4.2,3.65,Performer,1
501,2.7,4.7,3.7,Performer,1
502,1.7,4.8,3.25,Performer,1
503,2,3.2,2.6,Non-Performer,2
504,2.6,1.6,2.1,Non-Performer,2
505,4.8,3.9,4.35,Performer,1
506,2.2,2.4,2.3,Non-Performer,2
507,2.4,2.7,2.55,Non-Performer,2
508,3.1,3.6,3.35,Performer,1
509,2.4,2.6,2.5,Non-Performer,2
510,4.4,2.2,3.3,Performer,1
511,4,1.4,2.7,Non-Performer,2
512,1.3,1.9,1.6,Non-Performer,2
513,4.4,4,4.2,Performer,1
514,4.2,3.9,4.05,Performer,1
515,3.4,2,2.7,Non-Performer,2
516,2.4,4,3.2,Performer,1
517,2.1,4.6,3.35,Performer,1
518,4.6,3.6,4.1,Performer,1
519,3.4,4.8,4.1,Performer,1
520,3.2,2.7,2.95,Non-Performer,2
521,1.6,1.2,1.4,Non-Performer,2
522,3.4,1.8,2.6,Non-Performer,2
523,3.9,3.1,3.5,Performer,1
524,4.5,3.6,4.05,Performer,1
525,4.1,3.8,3.95,Performer,1
526,2.4,2.7,2.55,Non-Performer,2
527,3,2.9,2.95,Non-Performer,2
528,4.6,2.3,3.45,Performer,1
529,2.7,1.8,2.25,Non-Performer,2
530,4.7,3.4,4.05,Performer,1
531,4.6,3.2,3.9,Performer,1
532,3.8,3.5,3.65,Performer,1
533,4.8,3.3,4.05,Performer,1
534,4.2,3.3,3.75,Performer,1
535,4.3,4.1,4.2,Performer,1
536,3.7,4.5,4.1,Performer,1
537,4,2.7,3.35,Performer,1
538,2.5,1.2,1.85,Non-Performer,2
539,2.6,1.7,2.15,Non-Performer,2
540,4.6,2.3,3.45,Performer,1
541,1.8,1.6,1.7,Non-Performer,2
542,4.2,4,4.1,Performer,1
543,2.2,4.2,3.2,Performer,1
544,4.2,4.1,4.15,Performer,1
545,4.5,2.9,3.7,Performer,1
546,4.3,4.1,4.2,Performer,1
547,3.7,4.3,4,Performer,1
548,4.1,1.7,2.9,Non-Performer,2
549,2.3,4.5,3.4,Performer,1
550,2.5,4.8,3.65,Performer,1
551,1.1,1.5,1.3,Non-Performer,2
552,4.8,2.6,3.7,Performer,1
553,3.2,4.1,3.65,Performer,1
554,2.6,2.4,2.5,Non-Performer,2
555,1.2,1.1,1.15,Non-Performer,2
556,2,3.5,2.75,Non-Performer,2
557,1.5,2.7,2.1,Non-Performer,2
558,2.2,1.1,1.65,Non-Performer,2
559,4.5,2.6,3.55,Performer,1
560,2.6,4.8,3.7,Performer,1
561,1.2,2.7,1.95,Non-Performer,2
562,4,4.8,4.4,Performer,1
563,1.7,4,2.85,Non-Performer,2
564,1.9,1.6,1.75,Non-Performer,2
565,2.2,4.8,3.5,Performer,1
566,4.1,2.7,3.4,Performer,1
567,2.7,2.8,2.75,Non-Performer,2
568,3.9,2.9,3.4,Performer,1
569,2.4,1.6,2,Non-Performer,2
570,2.4,3,2.7,Non-Performer,2
571,3.1,3.4,3.25,Performer,1
572,2.9,3.1,3,Performer,1
573,2.9,3.7,3.3,Performer,1
574,3.2,3.1,3.15,Performer,1
575,4.3,3.7,4,Performer,1
576,3.3,1.3,2.3,Non-Performer,2
577,3.5,2.3,2.9,Non-Performer,2
578,2.6,4,3.3,Performer,1
579,4.1,4.3,4.2,Performer,1
580,2.7,4.5,3.6,Performer,1
581,4,3,3.5,Performer,1
582,3.4,3.5,3.45,Performer,1
583,3.9,3.8,3.85,Performer,1
584,4,1.7,2.85,Non-Performer,2
585,2.7,4.5,3.6,Performer,1
586,2.3,3.8,3.05,Performer,1
587,3.8,3.2,3.5,Performer,1
588,1.4,2,1.7,Non-Performer,2
589,1.7,3.8,2.75,Non-Performer,2
590,4.1,1.4,2.75,Non-Performer,2
591,4.5,4,4.25,Performer,1
592,3.8,1.4,2.6,Non-Performer,2
593,4.7,2.1,3.4,Performer,1
594,3.4,1.2,2.3,Non-Performer,2
595,4.7,1.9,3.3,Performer,1
596,4.4,2.5,3.45,Performer,1
597,1.5,3.7,2.6,Non-Performer,2
598,3.3,1.8,2.55,Non-Performer,2
599,1.9,1.5,1.7,Non-Performer,2
600,1.5,3.1,2.3,Non-Performer,2
601,3.6,1.1,2.35,Non-Performer,2
602,4.4,2.3,3.35,Performer,1
603,3.7,3.1,3.4,Performer,1
604,2,4.2,3.1,Performer,1
605,1.5,1.7,1.6,Non-Performer,2
606,1.2,4.2,2.7,Non-Performer,2
607,1.5,3.2,2.35,Non-Performer,2
608,4.3,1.2,2.75,Non-Performer,2
609,2.6,3.8,3.2,Performer,1
610,4.4,4.8,4.6,Performer,1
611,4.9,3,3.95,Performer,1
612,2.9,2.9,2.9,Non-Performer,2
613,3.6,2.8,3.2,Performer,1
614,4,2.7,3.35,Performer,1
615,3,1.4,2.2,Non-Performer,2
616,4.9,2.2,3.55,Performer,1
617,4.2,1.2,2.7,Non-Performer,2
618,3.4,2.4,2.9,Non-Performer,2
619,3.7,4.9,4.3,Performer,1
620,2,1.2,1.6,Non-Performer,2
621,3.8,2.8,3.3,Performer,1
622,1.6,1.9,1.75,Non-Performer,2
623,3.7,2.7,3.2,Performer,1
624,3.9,1.6,2.75,Non-Performer,2
625,3.1,3.1,3.1,Performer,1
626,2.8,1.4,2.1,Non-Performer,2
627,2.1,3.2,2.65,Non-Performer,2
628,3.2,1.5,2.35,Non-Performer,2
629,2,1.5,1.75,Non-Performer,2
630,3.3,1.1,2.2,Non-Performer,2
631,3.6,3.5,3.55,Performer,1
632,4.6,4.6,4.6,Performer,1
633,4.2,2.8,3.5,Performer,1
634,1.5,3,2.25,Non-Performer,2
635,2.8,2.3,2.55,Non-Performer,2
636,1.6,2,1.8,Non-Performer,2
637,2.9,4.1,3.5,Performer,1
638,3.3,1.6,2.45,Non-Performer,2
639,3,2.9,2.95,Non-Performer,2
640,4.4,4.8,4.6,Performer,1
641,1.5,2.7,2.1,Non-Performer,2
642,1.6,4.4,3,Performer,1
643,3.1,2.3,2.7,Non-Performer,2
644,4.7,4.7,4.7,Performer,1
645,3.2,2.6,2.9,Non-Performer,2
646,3.1,2.6,2.85,Non-Performer,2
647,2.1,2.9,2.5,Non-Performer,2
648,3.6,2.7,3.15,Performer,1
649,1.5,3.2,2.35,Non-Performer,2
650,2.5,2.1,2.3,Non-Performer,2
651,2.9,2.8,2.85,Non-Performer,2
652,3.8,2.5,3.15,Performer,1
653,4.5,4.7,4.6,Performer,1
654,1.9,2.7,2.3,Non-Performer,2
655,4.3,1.9,3.1,Performer,1
656,2.2,4.2,3.2,Performer,1
657,1.7,3.4,2.55,Non-Performer,2
658,2.6,3.9,3.25,Performer,1
659,3.6,4.8,4.2,Performer,1
660,3,3.6,3.3,Performer,1
661,2.7,4.5,3.6,Performer,1
662,4.6,2.7,3.65,Performer,1
663,1.8,1.3,1.55,Non-Performer,2
664,2.2,2.2,2.2,Non-Performer,2
665,3.7,4.4,4.05,Performer,1
666,3.6,3.6,3.6,Performer,1
667,2,2.6,2.3,Non-Performer,2
668,1.4,3.2,2.3,Non-Performer,2
669,2,3.1,2.55,Non-Performer,2
670,1.8,2.2,2,Non-Performer,2
671,1.9,3.2,2.55,Non-Performer,2
672,2,4.3,3.15,Performer,1
673,2.9,1.1,2,Non-Performer,2
674,4.6,4.4,4.5,Performer,1
675,4.2,3.7,3.95,Performer,1
676,2.6,3.7,3.15,Performer,1
677,2.2,2,2.1,Non-Performer,2
678,3.8,1.8,2.8,Non-Performer,2
679,2.5,4,3.25,Performer,1
680,4.1,4,4.05,Performer,1
681,3.8,3.4,3.6,Performer,1
682,2.6,2.1,2.35,Non-Performer,2
683,3.6,4.4,4,Performer,1
684,4.1,4.6,4.35,Performer,1
685,1.1,1.8,1.45,Non-Performer,2
686,1.4,2.5,1.95,Non-Performer,2
687,1.6,2.8,2.2,Non-Performer,2
688,3.4,3.1,3.25,Performer,1
689,3.1,4.3,3.7,Performer,1
690,1.4,4.8,3.1,Performer,1
691,1.8,3,2.4,Non-Performer,2
692,3.1,3.6,3.35,Performer,1
693,2.6,3.5,3.05,Performer,1
694,2.7,4.3,3.5,Performer,1
695,4.5,4.4,4.45,Performer,1
696,4.4,4.8,4.6,Performer,1
697,1.3,4.6,2.95,Non-Performer,2
698,4.2,2,3.1,Performer,1
699,2,2.2,2.1,Non-Performer,2
700,4.5,4.3,4.4,Performer,1
701,1.5,4.5,3,Performer,1
702,4.6,4.5,4.55,Performer,1
703,1.1,2.1,1.6,Non-Performer,2
704,1.7,4.9,3.3,Performer,1
705,1.8,2.9,2.35,Non-Performer,2
706,2.8,3.1,2.95,Non-Performer,2
707,2.1,4.7,3.4,Performer,1
708,3.3,3.6,3.45,Performer,1
709,3.2,4.7,3.95,Performer,1
710,4.3,4.1,4.2,Performer,1
711,3.3,3.2,3.25,Performer,1
712,2.1,2.7,2.4,Non-Performer,2
713,2.4,1.3,1.85,Non-Performer,2
714,1.6,1.2,1.4,Non-Performer,2
715,2.5,4.5,3.5,Performer,1
716,1.6,1.1,1.35,Non-Performer,2
717,1.6,1.4,1.5,Non-Performer,2
718,4,3.5,3.75,Performer,1
719,2.6,1.1,1.85,Non-Performer,2
720,4.4,1.5,2.95,Non-Performer,2
721,1.4,1.3,1.35,Non-Performer,2
722,2.1,4,3.05,Performer,1
723,3.2,4.4,3.8,Performer,1
724,2.8,1.7,2.25,Non-Performer,2
725,2.5,4.4,3.45,Performer,1
726,3.8,3.9,3.85,Performer,1
727,1.6,2.8,2.2,Non-Performer,2
728,4.1,3.9,4,Performer,1
729,1.6,2.7,2.15,Non-Performer,2
730,1.3,1.5,1.4,Non-Performer,2
731,2.1,4.6,3.35,Performer,1
732,2.5,2.3,2.4,Non-Performer,2
733,1.2,3.2,2.2,Non-Performer,2
734,2.3,4.4,3.35,Performer,1
735,2.5,4.1,3.3,Performer,1
736,3.2,4.8,4,Performer,1
737,3.7,1.7,2.7,Non-Performer,2
738,3.6,3.6,3.6,Performer,1
739,3.7,1.6,2.65,Non-Performer,2
740,3.1,3.2,3.15,Performer,1
741,4.2,1.8,3,Performer,1
742,3.5,2.5,3,Performer,1
743,2.5,4.2,3.35,Performer,1
744,4.1,3,3.55,Performer,1
745,4.4,2.8,3.6,Performer,1
746,1.8,3.3,2.55,Non-Performer,2
747,2.4,2.9,2.65,Non-Performer,2
748,1.5,3.5,2.5,Non-Performer,2
749,4.8,3.3,4.05,Performer,1
750,3.3,4.1,3.7,Performer,1
751,4.2,1.6,2.9,Non-Performer,2
752,3.7,2.5,3.1,Performer,1
753,1.2,3.5,2.35,Non-Performer,2
754,2.6,3.3,2.95,Non-Performer,2
755,2.2,2.3,2.25,Non-Performer,2
756,1.1,1.9,1.5,Non-Performer,2
757,3.6,3.1,3.35,Performer,1
758,1.8,3.6,2.7,Non-Performer,2
759,4.7,1.7,3.2,Performer,1
760,4.5,3.8,4.15,Performer,1
761,4.5,1.9,3.2,Performer,1
762,2.2,3.2,2.7,Non-Performer,2
763,4.6,3.6,4.1,Performer,1
764,4.2,1.5,2.85,Non-Performer,2
765,4.9,2,3.45,Performer,1
766,4.5,1.3,2.9,Non-Performer,2
767,4.6,3,3.8,Performer,1
768,3.6,3,3.3,Performer,1
769,3.5,3.7,3.6,Performer,1
770,2.2,1.7,1.95,Non-Performer,2
771,2.2,3.6,2.9,Non-Performer,2
772,3.9,2.9,3.4,Performer,1
773,3.5,4.4,3.95,Performer,1
774,2.8,1.8,2.3,Non-Performer,2
775,3.1,4.2,3.65,Performer,1
776,2.3,2,2.15,Non-Performer,2
777,4.4,3.9,4.15,Performer,1
778,4,1.2,2.6,Non-Performer,2
779,4.9,3,3.95,Performer,1
780,2.5,2.3,2.4,Non-Performer,2
781,3.9,2.9,3.4,Performer,1
782,1.7,3.4,2.55,Non-Performer,2
783,2.6,3.4,3,Performer,1
784,4.6,4.3,4.45,Performer,1
785,4.1,1.2,2.65,Non-Performer,2
786,2.9,1.2,2.05,Non-Performer,2
787,3.8,2.2,3,Performer,1
788,1.2,2.5,1.85,Non-Performer,2
789,4.2,2.7,3.45,Performer,1
790,2.9,2.3,2.6,Non-Performer,2
791,2.3,3.4,2.85,Non-Performer,2
792,3.4,1.3,2.35,Non-Performer,2
793,3.5,2.7,3.1,Performer,1
794,2.7,3.6,3.15,Performer,1
795,4.3,3.2,3.75,Performer,1
796,2.9,2.4,2.65,Non-Performer,2
797,4.8,2.7,3.75,Performer,1
798,3.3,1.6,2.45,Non-Performer,2
799,3.7,2.7,3.2,Performer,1
800,4,1.6,2.8,Non-Performer,2
801,1.6,4.9,3.25,Performer,1
802,4.5,3.2,3.85,Performer,1
803,3.1,3.7,3.4,Performer,1
804,4,1.2,2.6,Non-Performer,2
805,4.2,2.4,3.3,Performer,1
806,2.2,1.7,1.95,Non-Performer,2
807,3.5,3.7,3.6,Performer,1
808,1.8,1.3,1.55,Non-Performer,2
809,1.3,1.9,1.6,Non-Performer,2
810,4.4,4.7,4.55,Performer,1
811,1.5,3.3,2.4,Non-Performer,2
812,2.7,2.4,2.55,Non-Performer,2
813,2.5,4,3.25,Performer,1
814,4.8,4.6,4.7,Performer,1
815,2.2,4.3,3.25,Performer,1
816,3.8,4.8,4.3,Performer,1
817,2.7,1.9,2.3,Non-Performer,2
818,4.6,4.7,4.65,Performer,1
819,3.5,1.6,2.55,Non-Performer,2
820,3.2,3.6,3.4,Performer,1
821,2.3,2.1,2.2,Non-Performer,2
822,3.8,2.1,2.95,Non-Performer,2
823,3.2,3.7,3.45,Performer,1
824,4.7,3.5,4.1,Performer,1
825,1.1,1.5,1.3,Non-Performer,2
826,1.4,3.6,2.5,Non-Performer,2
827,4.1,3.1,3.6,Performer,1
828,2.7,4.7,3.7,Performer,1
829,3.9,2.9,3.4,Performer,1
830,3.5,2.6,3.05,Performer,1
831,1.3,4.6,2.95,Non-Performer,2
832,2.5,4,3.25,Performer,1
833,1.5,1.3,1.4,Non-Performer,2
834,3.1,4.5,3.8,Performer,1
835,2.7,1.7,2.2,Non-Performer,2
836,1.1,3.8,2.45,Non-Performer,2
837,2.3,2.2,2.25,Non-Performer,2
838,4.3,2.6,3.45,Performer,1
839,2.5,4.6,3.55,Performer,1
840,4.5,2.3,3.4,Performer,1
841,2.5,1.6,2.05,Non-Performer,2
842,4.8,2.7,3.75,Performer,1
843,4.7,4.5,4.6,Performer,1
844,1.4,1.7,1.55,Non-Performer,2
845,1.6,3,2.3,Non-Performer,2
846,4.7,2.2,3.45,Performer,1
847,1.6,4.9,3.25,Performer,1
848,3.8,3.3,3.55,Performer,1
849,4.4,1.5,2.95,Non-Performer,2
850,1.3,2.3,1.8,Non-Performer,2
851,1.9,4.8,3.35,Performer,1
852,1.7,1.2,1.45,Non-Performer,2
853,2,2.4,2.2,Non-Performer,2
854,4.3,3.7,4,Performer,1
855,2.4,2.9,2.65,Non-Performer,2
856,3.8,3.6,3.7,Performer,1
857,1.5,2.1,1.8,Non-Performer,2
858,2.3,2.7,2.5,Non-Performer,2
859,3.1,2.1,2.6,Non-Performer,2
860,2.3,3.5,2.9,Non-Performer,2
861,2.9,4,3.45,Performer,1
862,2.9,3.8,3.35,Performer,1
863,4,3.1,3.55,Performer,1
864,1.8,3.6,2.7,Non-Performer,2
865,4.5,4.1,4.3,Performer,1
866,3.3,3.4,3.35,Performer,1
867,2,1.7,1.85,Non-Performer,2
868,1.3,3.6,2.45,Non-Performer,2
869,4.3,2.7,3.5,Performer,1
870,1.7,4.4,3.05,Performer,1
871,4,4.7,4.35,Performer,1
872,2.1,2.7,2.4,Non-Performer,2
873,2.3,1.9,2.1,Non-Performer,2
874,2.8,1.4,2.1,Non-Performer,2
875,2.1,1.8,1.95,Non-Performer,2
876,3.7,1.6,2.65,Non-Performer,2
877,2.7,4.8,3.75,Performer,1
878,2.7,2.1,2.4,Non-Performer,2
879,1.9,3.9,2.9,Non-Performer,2
880,3.1,2.7,2.9,Non-Performer,2
881,3.6,4,3.8,Performer,1
882,3.9,1.8,2.85,Non-Performer,2
883,3.6,2.9,3.25,Performer,1
884,1.7,3.2,2.45,Non-Performer,2
885,2.4,1.8,2.1,Non-Performer,2
886,4.3,2.4,3.35,Performer,1
887,4.8,4.2,4.5,Performer,1
888,2.1,1.4,1.75,Non-Performer,2
889,2,1.4,1.7,Non-Performer,2
890,2.1,4.2,3.15,Performer,1
891,2.6,3.4,3,Performer,1
892,4.6,4.7,4.65,Performer,1
893,3.5,3.5,3.5,Performer,1
894,4,4.3,4.15,Performer,1
895,3.5,1.9,2.7,Non-Performer,2
896,2.6,1.4,2,Non-Performer,2
897,3.4,3.5,3.45,Performer,1
898,1.7,2.3,2,Non-Performer,2
899,2.6,2,2.3,Non-Performer,2
900,2.7,3.3,3,Performer,1
901,1.4,2.1,1.75,Non-Performer,2
902,4.9,2.2,3.55,Performer,1
903,1.7,4.1,2.9,Non-Performer,2
904,4.5,1.6,3.05,Performer,1
905,2.7,1.3,2,Non-Performer,2
906,2.1,3.3,2.7,Non-Performer,2
907,3.6,3.8,3.7,Performer,1
908,3.8,1.2,2.5,Non-Performer,2
909,2.7,2.7,2.7,Non-Performer,2
910,2.5,4.9,3.7,Performer,1
911,4,4.1,4.05,Performer,1
912,3,3.4,3.2,Performer,1
913,3.6,4.7,4.15,Performer,1
914,2.2,2.9,2.55,Non-Performer,2
915,2.7,2.1,2.4,Non-Performer,2
916,2.5,4.3,3.4,Performer,1
917,2.4,3.3,2.85,Non-Performer,2
918,2,4.1,3.05,Performer,1
919,4.8,2.4,3.6,Performer,1
920,1.5,1.1,1.3,Non-Performer,2
921,2.7,4,3.35,Performer,1
922,1.9,3.5,2.7,Non-Performer,2
923,3.9,2.4,3.15,Performer,1
924,2.1,4.6,3.35,Performer,1
925,4.2,2.7,3.45,Performer,1
926,1.9,3.2,2.55,Non-Performer,2
927,2.1,4,3.05,Performer,1
928,4,2,3,Performer,1
929,4.6,4.5,4.55,Performer,1
930,4.4,2.7,3.55,Performer,1
931,1.3,4.7,3,Performer,1
932,4.6,2.3,3.45,Performer,1
933,3.9,4.9,4.4,Performer,1
934,3.2,2.2,2.7,Non-Performer,2
935,1.6,2.2,1.9,Non-Performer,2
936,3.9,3.8,3.85,Performer,1
937,3,4.4,3.7,Performer,1
938,1.3,1.6,1.45,Non-Performer,2
939,4.3,4.6,4.45,Performer,1
940,3,1.3,2.15,Non-Performer,2
941,2.8,2,2.4,Non-Performer,2
942,2.1,4.2,3.15,Performer,1
943,3.1,2.3,2.7,Non-Performer,2
944,1.2,3.6,2.4,Non-Performer,2
945,3.3,1.2,2.25,Non-Performer,2
946,2.8,1.7,2.25,Non-Performer,2
947,3.1,3.4,3.25,Performer,1
948,1.5,3.2,2.35,Non-Performer,2
949,4.3,3.7,4,Performer,1
950,3.8,2.3,3.05,Performer,1
951,3.8,3.1,3.45,Performer,1
952,3.1,1.9,2.5,Non-Performer,2
953,3.4,3.3,3.35,Performer,1
954,2.2,4.4,3.3,Performer,1
955,3.1,4.7,3.9,Performer,1
956,2.7,2.9,2.8,Non-Performer,2
957,2.5,2.5,2.5,Non-Performer,2
958,4,2.2,3.1,Performer,1
959,2.2,4.9,3.55,Performer,1
960,3.8,4.6,4.2,Performer,1
961,3.4,2,2.7,Non-Performer,2
962,1.7,1.3,1.5,Non-Performer,2
963,3.1,4.9,4,Performer,1
964,1.7,1.8,1.75,Non-Performer,2
965,4.4,1.6,3,Performer,1
966,1.3,2.4,1.85,Non-Performer,2
967,2.4,2.1,2.25,Non-Performer,2
968,2.7,1.4,2.05,Non-Performer,2
969,4.2,1.7,2.95,Non-Performer,2
970,3.5,3.7,3.6,Performer,1
971,3.5,1.2,2.35,Non-Performer,2
972,1.8,2.5,2.15,Non-Performer,2
973,3.4,1.7,2.55,Non-Performer,2
974,2,2.8,2.4,Non-Performer,2
975,1.5,3.2,2.35,Non-Performer,2
976,1.5,2.8,2.15,Non-Performer,2
977,4,3.8,3.9,Performer,1
978,4,4,4,Performer,1
979,3,2.4,2.7,Non-Performer,2
980,3.1,4,3.55,Performer,1
981,3.8,2.6,3.2,Performer,1
982,2.1,4.1,3.1,Performer,1
983,3.6,3.8,3.7,Performer,1
984,2.4,2.8,2.6,Non-Performer,2
985,3.9,2.1,3,Performer,1
986,1.5,4.3,2.9,Non-Performer,2
987,2.8,4.5,3.65,Performer,1
988,3.6,4,3.8,Performer,1
989,4.3,3,3.65,Performer,1
990,1.2,4.1,2.65,Non-Performer,2
991,2.5,3,2.75,Non-Performer,2
992,1.7,3.5,2.6,Non-Performer,2
993,1.5,4.2,2.85,Non-Performer,2
994,4.5,2.4,3.45,Performer,1
995,4,4.6,4.3,Performer,1
996,4.7,4.1,4.4,Performer,1
997,4.7,1.5,3.1,Performer,1
998,1.1,1.3,1.2,Non-Performer,2
999,4,4.9,4.45,Performer,1
1000,3.9,2.8,3.35,Performer,1
1001,2.5,3.8,3.15,Performer,1
1002,3.8,4,3.9,Performer,1
1003,4.7,1.4,3.05,Performer,1
1004,4.1,1.3,2.7,Non-Performer,2
1005,1.6,1.7,1.65,Non-Performer,2
1006,4.3,2.2,3.25,Performer,1
1007,2,2.2,2.1,Non-Performer,2
1008,3.8,1.3,2.55,Non-Performer,2
1009,1.6,3.2,2.4,Non-Performer,2
1010,1.6,2.6,2.1,Non-Performer,2
1011,4.7,1.4,3.05,Performer,1
1012,4.6,3.8,4.2,Performer,1
1013,2.1,1.3,1.7,Non-Performer,2
1014,2.4,3.2,2.8,Non-Performer,2
1015,2.6,2,2.3,Non-Performer,2
1016,1.4,3.3,2.35,Non-Performer,2
1017,3,3.6,3.3,Performer,1
1018,3.2,3,3.1,Performer,1
1019,3.3,1.3,2.3,Non-Performer,2
1020,4.7,2.3,3.5,Performer,1
1021,4.1,3.9,4,Performer,1
1022,4.3,3.1,3.7,Performer,1
1023,4.4,3,3.7,Performer,1
1024,1.5,2,1.75,Non-Performer,2
1025,2.2,1.6,1.9,Non-Performer,2
1026,4.6,4.3,4.45,Performer,1
1027,3.6,3.6,3.6,Performer,1
1028,3.5,4,3.75,Performer,1
1029,3.5,2.6,3.05,Performer,1
1030,4.2,4.5,4.35,Performer,1
1031,2.7,2.7,2.7,Non-Performer,2
1032,1.8,3,2.4,Non-Performer,2
1033,4.4,1.7,3.05,Performer,1
1034,4.5,1.5,3,Performer,1
1035,4,1.5,2.75,Non-Performer,2
1036,4.6,2.7,3.65,Performer,1
1037,1.8,4.3,3.05,Performer,1
1038,1.2,1.8,1.5,Non-Performer,2
1039,3,2.5,2.75,Non-Performer,2
1040,2.1,3.7,2.9,Non-Performer,2
1041,2.4,4.3,3.35,Performer,1
1042,4.2,3.4,3.8,Performer,1
1043,1.7,3.9,2.8,Non-Performer,2
1044,4.2,2.8,3.5,Performer,1
1045,3.9,2.9,3.4,Performer,1
1046,4.6,2.9,3.75,Performer,1
1047,1.8,3.2,2.5,Non-Performer,2
1048,3.9,2.5,3.2,Performer,1
1049,2,4.8,3.4,Performer,1
1050,2.7,2.2,2.45,Non-Performer,2
1051,4.4,3.4,3.9,Performer,1
1052,2.5,4,3.25,Performer,1
1053,3.1,2.3,2.7,Non-Performer,2
1054,1.1,2.9,2,Non-Performer,2
1055,2.5,1.4,1.95,Non-Performer,2
1056,1.2,1.1,1.15,Non-Performer,2
1057,4.3,1.6,2.95,Non-Performer,2
1058,1.4,3.3,2.35,Non-Performer,2
1059,1.5,1.9,1.7,Non-Performer,2
1060,2.3,2.9,2.6,Non-Performer,2
1061,1.8,4.2,3,Performer,1
1062,1.9,2.6,2.25,Non-Performer,2
1063,3.7,1.4,2.55,Non-Performer,2
1064,3.8,1.5,2.65,Non-Performer,2
1065,1.8,4.5,3.15,Performer,1
1066,2.5,3.5,3,Performer,1
1067,1.2,1.5,1.35,Non-Performer,2
1068,2,2.6,2.3,Non-Performer,2
1069,2.9,2.3,2.6,Non-Performer,2
1070,3.5,2.9,3.2,Performer,1
1071,2,2.7,2.35,Non-Performer,2
1072,3.2,2.7,2.95,Non-Performer,2
1073,4,2.3,3.15,Performer,1
1074,4.3,3.3,3.8,Performer,1
1075,4.1,4.8,4.45,Performer,1
1076,1.8,1.8,1.8,Non-Performer,2
1077,1.7,3.9,2.8,Non-Performer,2
1078,4.5,3.8,4.15,Performer,1
1079,2.2,3.2,2.7,Non-Performer,2
1080,1.7,2.4,2.05,Non-Performer,2
1081,3.4,3.4,3.4,Performer,1
1082,4.3,2.7,3.5,Performer,1
1083,3,3.5,3.25,Performer,1
1084,2,2.3,2.15,Non-Performer,2
1085,4.4,1.7,3.05,Performer,1
1086,2.4,4.8,3.6,Performer,1
1087,1.6,2.8,2.2,Non-Performer,2
1088,4,1.5,2.75,Non-Performer,2
1089,3.3,3.1,3.2,Performer,1
1090,1.3,2.7,2,Non-Performer,2
1091,2.8,4.1,3.45,Performer,1
1092,1.8,1.2,1.5,Non-Performer,2
1093,4.6,1.5,3.05,Performer,1
1094,2,2.3,2.15,Non-Performer,2
1095,3.4,4.6,4,Performer,1
1096,3.1,2.5,2.8,Non-Performer,2
1097,1.3,4.3,2.8,Non-Performer,2
1098,4,3.2,3.6,Performer,1
1099,3.8,3.6,3.7,Performer,1
1100,1.3,4.1,2.7,Non-Performer,2
1101,1.7,1.6,1.65,Non-Performer,2
1102,2.4,3.6,3,Performer,1
1103,4.6,1.7,3.15,Performer,1
1104,1.3,4.4,2.85,Non-Performer,2
1105,4.6,4.2,4.4,Performer,1
1106,3.7,3.4,3.55,Performer,1
1107,2,4,3,Performer,1
1108,2.6,3.7,3.15,Performer,1
1109,4.2,2.8,3.5,Performer,1
1110,2.6,1.7,2.15,Non-Performer,2
1111,2.2,3.4,2.8,Non-Performer,2
1112,2.5,4.8,3.65,Performer,1
1113,1.7,3.6,2.65,Non-Performer,2
1114,2.2,3.9,3.05,Performer,1
1115,3.1,1.1,2.1,Non-Performer,2
1116,2.8,2.4,2.6,Non-Performer,2
1117,3.1,2.5,2.8,Non-Performer,2
1118,4,4.4,4.2,Performer,1
1119,4.4,4.2,4.3,Performer,1
1120,4,3.8,3.9,Performer,1
1121,2,4.6,3.3,Performer,1
1122,1.9,2.6,2.25,Non-Performer,2
1123,3.8,4.1,3.95,Performer,1
1124,1.2,2.2,1.7,Non-Performer,2
1125,4.7,2.4,3.55,Performer,1
1126,2.1,4.5,3.3,Performer,1
1127,1.6,3.5,2.55,Non-Performer,2
1128,3.3,3.5,3.4,Performer,1
1129,1.8,2.4,2.1,Non-Performer,2
1130,1.2,4.9,3.05,Performer,1
1131,3,2.5,2.75,Non-Performer,2
1132,1.4,3.5,2.45,Non-Performer,2
1133,1.7,1.4,1.55,Non-Performer,2
1134,1.2,3.1,2.15,Non-Performer,2
1135,1.7,4.7,3.2,Performer,1
1136,1.9,3.4,2.65,Non-Performer,2
1137,3.6,4.4,4,Performer,1
1138,2,2.8,2.4,Non-Performer,2
1139,4.8,4.5,4.65,Performer,1
1140,1.1,4.6,2.85,Non-Performer,2
1141,1.9,1.3,1.6,Non-Performer,2
1142,1.8,1.7,1.75,Non-Performer,2
1143,3.4,2.5,2.95,Non-Performer,2
1144,4,4.7,4.35,Performer,1
1145,1.7,3,2.35,Non-Performer,2
1146,4.6,1.6,3.1,Performer,1
1147,3.3,1.9,2.6,Non-Performer,2
1148,4.3,3.1,3.7,Performer,1
1149,2.4,4.3,3.35,Performer,1
1150,1.8,4.3,3.05,Performer,1
1151,3.9,3,3.45,Performer,1
1152,2.7,3.9,3.3,Performer,1
1153,1.4,1.2,1.3,Non-Performer,2
1154,2,3.9,2.95,Non-Performer,2
1155,3.6,1.6,2.6,Non-Performer,2
1156,4.1,1.1,2.6,Non-Performer,2
1157,4.8,2.5,3.65,Performer,1
1158,3.9,2.1,3,Performer,1
1159,1.3,3.6,2.45,Non-Performer,2
1160,4.9,2.8,3.85,Performer,1
1161,1.3,3.8,2.55,Non-Performer,2
1162,2,4.9,3.45,Performer,1
1163,4.4,1.7,3.05,Performer,1
1164,4.5,3,3.75,Performer,1
1165,3.4,3,3.2,Performer,1
1166,2.5,4.5,3.5,Performer,1
1167,3.7,2.1,2.9,Non-Performer,2
1168,2,1.6,1.8,Non-Performer,2
1169,4.4,3.1,3.75,Performer,1
1170,4.2,1.7,2.95,Non-Performer,2
1171,3.2,3.8,3.5,Performer,1
1172,4.2,2.5,3.35,Performer,1
1173,4.3,3.3,3.8,Performer,1
1174,4.2,4.7,4.45,Performer,1
1175,4.9,3.9,4.4,Performer,1
1176,4.4,1.3,2.85,Non-Performer,2
1177,2.7,2.8,2.75,Non-Performer,2
1178,2.6,1.2,1.9,Non-Performer,2
1179,1.7,2.4,2.05,Non-Performer,2
1180,4.3,4.2,4.25,Performer,1
1181,1.5,4.2,2.85,Non-Performer,2
1182,4.4,1.5,2.95,Non-Performer,2
1183,1.8,2.2,2,Non-Performer,2
1184,3,1.9,2.45,Non-Performer,2
1185,3.3,1.3,2.3,Non-Performer,2
1186,2.6,1.4,2,Non-Performer,2
1187,4.6,4,4.3,Performer,1
1188,4.3,2.2,3.25,Performer,1
1189,2.6,1.7,2.15,Non-Performer,2
1190,2.2,1.9,2.05,Non-Performer,2
1191,2.8,4.2,3.5,Performer,1
1192,2.2,4.3,3.25,Performer,1
1193,4.3,1.2,2.75,Non-Performer,2
1194,1.8,2.2,2,Non-Performer,2
1195,3.8,4.1,3.95,Performer,1
1196,2.1,2,2.05,Non-Performer,2
1197,1.5,2.5,2,Non-Performer,2
1198,1.6,2.4,2,Non-Performer,2
1199,3.6,4.9,4.25,Performer,1
1200,3.2,1.6,2.4,Non-Performer,2
1201,2.8,2.1,2.45,Non-Performer,2
1202,3.7,3.2,3.45,Performer,1
1203,3.9,1.7,2.8,Non-Performer,2
1204,3.5,3.9,3.7,Performer,1
1205,1.7,4.8,3.25,Performer,1
1206,2.6,1.8,2.2,Non-Performer,2
1207,3.8,3.4,3.6,Performer,1
1208,4.7,2.3,3.5,Performer,1
1209,3.6,3.9,3.75,Performer,1
1210,4.6,1.4,3,Performer,1
1211,1.4,4.7,3.05,Performer,1
1212,2.8,2.3,2.55,Non-Performer,2
1213,1.7,1.3,1.5,Non-Performer,2
1214,2,2.4,2.2,Non-Performer,2
1215,4,1.8,2.9,Non-Performer,2
1216,1.3,3.4,2.35,Non-Performer,2
1217,3.8,2.8,3.3,Performer,1
1218,4.2,1.3,2.75,Non-Performer,2
1219,2.7,2.2,2.45,Non-Performer,2
1220,4.4,3.8,4.1,Performer,1
1221,4.3,4.2,4.25,Performer,1
1222,4.2,2,3.1,Performer,1
1223,3.1,4.5,3.8,Performer,1
1224,2.7,3,2.85,Non-Performer,2
1225,1.3,1.8,1.55,Non-Performer,2
1226,1.7,4.2,2.95,Non-Performer,2
1227,1.4,2.5,1.95,Non-Performer,2
1228,4.1,2.4,3.25,Performer,1
1229,1.6,4.8,3.2,Performer,1
1230,2.8,1.6,2.2,Non-Performer,2
1231,1.5,3.9,2.7,Non-Performer,2
1232,2,2.6,2.3,Non-Performer,2
1233,4.4,4,4.2,Performer,1
1234,2,3,2.5,Non-Performer,2
1235,3.1,4.7,3.9,Performer,1
1236,4.9,3,3.95,Performer,1
1237,2.2,2.1,2.15,Non-Performer,2
1238,3.8,1.7,2.75,Non-Performer,2
1239,1.3,1.4,1.35,Non-Performer,2
1240,4.1,4.1,4.1,Performer,1
1241,2.8,3.2,3,Performer,1
1242,2,4.2,3.1,Performer,1
1243,2.3,1.5,1.9,Non-Performer,2
1244,1.6,4.7,3.15,Performer,1
1245,1.9,4.7,3.3,Performer,1
1246,2.8,1.6,2.2,Non-Performer,2
1247,4.6,1.3,2.95,Non-Performer,2
1248,4.2,4.1,4.15,Performer,1
1249,1.3,4.9,3.1,Performer,1
1250,2.5,1.4,1.95,Non-Performer,2
1251,2.6,4.2,3.4,Performer,1
1252,3.6,3.4,3.5,Performer,1
1253,1.7,3.6,2.65,Non-Performer,2
1254,2.1,4.7,3.4,Performer,1
1255,1.8,2,1.9,Non-Performer,2
1256,1.6,2.9,2.25,Non-Performer,2
1257,1.9,1.4,1.65,Non-Performer,2
1258,3,4.2,3.6,Performer,1
1259,4.7,3.8,4.25,Performer,1
1260,3.4,4.1,3.75,Performer,1
1261,2.4,3.1,2.75,Non-Performer,2
1262,2.6,4.5,3.55,Performer,1
1263,1.3,3.8,2.55,Non-Performer,2
1264,2.1,4.2,3.15,Performer,1
1265,3.7,2.2,2.95,Non-Performer,2
1266,3,2.3,2.65,Non-Performer,2
1267,2.7,4.7,3.7,Performer,1
1268,4,3.4,3.7,Performer,1
1269,2.2,4.5,3.35,Performer,1
1270,1.6,1.2,1.4,Non-Performer,2
1271,2.5,2.7,2.6,Non-Performer,2
1272,2.3,3.3,2.8,Non-Performer,2
1273,4.2,3.8,4,Performer,1
1274,4.6,1.3,2.95,Non-Performer,2
1275,2.8,3.2,3,Performer,1
1276,2.7,2.6,2.65,Non-Performer,2
1277,2.3,1.2,1.75,Non-Performer,2
1278,1.8,3.8,2.8,Non-Performer,2
1279,3,4,3.5,Performer,1
1280,2.1,3.1,2.6,Non-Performer,2
1281,1.5,3,2.25,Non-Performer,2
1282,1.1,1.3,1.2,Non-Performer,2
1283,2.1,4.6,3.35,Performer,1
1284,4,2.1,3.05,Performer,1
1285,4.1,3,3.55,Performer,1
1286,4.5,1.8,3.15,Performer,1
1287,1.6,3.4,2.5,Non-Performer,2
1288,2.9,1.8,2.35,Non-Performer,2
1289,4.1,4.2,4.15,Performer,1
1290,3,1.3,2.15,Non-Performer,2
1291,2.2,1.2,1.7,Non-Performer,2
1292,2.2,2.9,2.55,Non-Performer,2
1293,2.5,4.2,3.35,Performer,1
1294,4.3,4.1,4.2,Performer,1
1295,3.2,4.4,3.8,Performer,1
1296,3.1,4.4,3.75,Performer,1
1297,2.1,3.4,2.75,Non-Performer,2
1298,2.3,3.2,2.75,Non-Performer,2
1299,3.1,3.2,3.15,Performer,1
1300,4.9,1.2,3.05,Performer,1
1301,2.3,1.1,1.7,Non-Performer,2
1302,2.3,3.9,3.1,Performer,1
1303,2.6,2.2,2.4,Non-Performer,2
1304,2.7,1.1,1.9,Non-Performer,2
1305,3.1,2.8,2.95,Non-Performer,2
1306,1.2,2.6,1.9,Non-Performer,2
1307,2.5,4.6,3.55,Performer,1
1308,1.3,1.7,1.5,Non-Performer,2
1309,2.9,3.1,3,Performer,1
1310,4.4,4.1,4.25,Performer,1
1311,4.3,2.8,3.55,Performer,1
1312,1.5,2.6,2.05,Non-Performer,2
1313,4.8,2.7,3.75,Performer,1
1314,4,1.2,2.6,Non-Performer,2
1315,1.4,1.7,1.55,Non-Performer,2
1316,3.7,3.8,3.75,Performer,1
1317,3,3.3,3.15,Performer,1
1318,2.1,1.3,1.7,Non-Performer,2
1319,3.9,2,2.95,Non-Performer,2
1320,1.2,3.2,2.2,Non-Performer,2
1321,2.3,4.5,3.4,Performer,1
1322,2.9,4.6,3.75,Performer,1
1323,2.3,3.8,3.05,Performer,1
1324,1.3,1.6,1.45,Non-Performer,2
1325,3.4,2.9,3.15,Performer,1
1326,4.7,1.5,3.1,Performer,1
1327,4.1,4.3,4.2,Performer,1
1328,1.7,4.7,3.2,Performer,1
1329,2.9,4.6,3.75,Performer,1
1330,4.3,2.1,3.2,Performer,1
1331,3.9,3,3.45,Performer,1
1332,3.7,1.3,2.5,Non-Performer,2
1333,4.6,4.4,4.5,Performer,1
1334,4.4,1.2,2.8,Non-Performer,2
1335,1.1,2.4,1.75,Non-Performer,2
1336,4.3,4.8,4.55,Performer,1
1337,4.6,3.3,3.95,Performer,1
1338,2.3,2.4,2.35,Non-Performer,2
1339,3.3,4.8,4.05,Performer,1
1340,4.1,2.5,3.3,Performer,1
1341,2.3,1.8,2.05,Non-Performer,2
1342,3,2.9,2.95,Non-Performer,2
1343,2.6,3.9,3.25,Performer,1
1344,1.3,2.6,1.95,Non-Performer,2
1345,1.7,3.5,2.6,Non-Performer,2
1346,4.8,2.4,3.6,Performer,1
1347,4.8,4,4.4,Performer,1
1348,4.5,1.3,2.9,Non-Performer,2
1349,1.5,2.4,1.95,Non-Performer,2
1350,4.1,1.7,2.9,Non-Performer,2
1351,1.2,2.6,1.9,Non-Performer,2
1352,4.1,4.5,4.3,Performer,1
1353,2.9,4.3,3.6,Performer,1
1354,4.1,4.8,4.45,Performer,1
1355,2.9,3.9,3.4,Performer,1
1356,4.7,1.9,3.3,Performer,1
1357,1.5,4.1,2.8,Non-Performer,2
1358,1.2,1.3,1.25,Non-Performer,2
1359,3.4,3.1,3.25,Performer,1
1360,2.7,2.3,2.5,Non-Performer,2
1361,2.5,3.9,3.2,Performer,1
1362,3.1,3.5,3.3,Performer,1
1363,2.1,2.1,2.1,Non-Performer,2
1364,1.5,3.6,2.55,Non-Performer,2
1365,2.9,2.3,2.6,Non-Performer,2
1366,4.3,2.9,3.6,Performer,1
1367,4.8,3.6,4.2,Performer,1
1368,4.2,3.4,3.8,Performer,1
1369,4.7,3.3,4,Performer,1
1370,4.4,2.8,3.6,Performer,1
1371,2.2,3.9,3.05,Performer,1
1372,4.2,3.7,3.95,Performer,1
1373,4.2,3.2,3.7,Performer,1
1374,3.8,4.5,4.15,Performer,1
1375,2.9,3.8,3.35,Performer,1
1376,1.8,1.6,1.7,Non-Performer,2
1377,2.1,4,3.05,Performer,1
1378,2.1,4.8,3.45,Performer,1
1379,3.5,3.9,3.7,Performer,1
1380,3.7,3.8,3.75,Performer,1
1381,2.5,2.8,2.65,Non-Performer,2
1382,2.2,4.7,3.45,Performer,1
1383,3.4,3.7,3.55,Performer,1
1384,3.3,2.1,2.7,Non-Performer,2
1385,3.6,1.9,2.75,Non-Performer,2
1386,4.3,2.1,3.2,Performer,1
1387,3.6,3.2,3.4,Performer,1
1388,4,3.3,3.65,Performer,1
1389,2.8,4.8,3.8,Performer,1
1390,4.7,2.6,3.65,Performer,1
1391,4.5,4.5,4.5,Performer,1
1392,2.9,3.8,3.35,Performer,1
1393,3.6,4.1,3.85,Performer,1
1394,3.9,4.3,4.1,Performer,1
1395,4.6,4.3,4.45,Performer,1
1396,2.1,4.8,3.45,Performer,1
1397,3.5,4.8,4.15,Performer,1
1398,2.1,3.3,2.7,Non-Performer,2
1399,2.1,2.9,2.5,Non-Performer,2
1400,3.9,4.3,4.1,Performer,1
1401,4.2,1.5,2.85,Non-Performer,2
1402,2.8,4.1,3.45,Performer,1
1403,1.3,1.2,1.25,Non-Performer,2
1404,3,2.9,2.95,Non-Performer,2
1405,3.9,1.3,2.6,Non-Performer,2
1406,1.7,2.3,2,Non-Performer,2
1407,3.4,1.6,2.5,Non-Performer,2
1408,3.8,3.3,3.55,Performer,1
1409,3.7,1.9,2.8,Non-Performer,2
1410,2.7,1.8,2.25,Non-Performer,2
1411,1.4,1.7,1.55,Non-Performer,2
1412,2.2,4.2,3.2,Performer,1
1413,2.2,2.5,2.35,Non-Performer,2
1414,3.5,2.7,3.1,Performer,1
1415,3.2,2.3,2.75,Non-Performer,2
1416,2.3,2.6,2.45,Non-Performer,2
1417,4,2.1,3.05,Performer,1
1418,3.2,3.1,3.15,Performer,1
1419,4.3,3.8,4.05,Performer,1
1420,2.5,3.1,2.8,Non-Performer,2
1421,3.7,4.1,3.9,Performer,1
1422,2.4,1.6,2,Non-Performer,2
1423,4.7,4.9,4.8,Performer,1
1424,2,1.2,1.6,Non-Performer,2
1425,3,1.9,2.45,Non-Performer,2
1426,4.3,1.8,3.05,Performer,1
1427,3.1,3.4,3.25,Performer,1
1428,2.6,3.8,3.2,Performer,1
1429,1.4,4.4,2.9,Non-Performer,2
1430,3.4,2.9,3.15,Performer,1
1431,2.7,1.3,2,Non-Performer,2
1432,4.3,2.6,3.45,Performer,1
1433,3.4,3.9,3.65,Performer,1
1434,3.1,1.6,2.35,Non-Performer,2
1435,1.9,4,2.95,Non-Performer,2
1436,3.1,1.8,2.45,Non-Performer,2
1437,1.9,4.8,3.35,Performer,1
1438,1.5,4.2,2.85,Non-Performer,2
1439,2.5,1.5,2,Non-Performer,2
1440,4.3,1.6,2.95,Non-Performer,2
1441,2.6,4.5,3.55,Performer,1
1442,2.2,4.9,3.55,Performer,1
1443,1.7,2.3,2,Non-Performer,2
1444,1.7,1.9,1.8,Non-Performer,2
1445,1.2,3.1,2.15,Non-Performer,2
1446,1.4,4.5,2.95,Non-Performer,2
1447,3.5,3.8,3.65,Performer,1
1448,3.3,3.1,3.2,Performer,1
1449,4.4,3.5,3.95,Performer,1
1450,4.1,2.5,3.3,Performer,1
1451,2.2,3.8,3,Performer,1
1452,4.6,2.4,3.5,Performer,1
1453,1.2,2.1,1.65,Non-Performer,2
1454,4.5,3.1,3.8,Performer,1
1455,1.7,3.1,2.4,Non-Performer,2
1456,2.5,3.4,2.95,Non-Performer,2
1457,4.5,3.5,4,Performer,1
1458,3.3,3.6,3.45,Performer,1
1459,1.4,4.4,2.9,Non-Performer,2
1460,4.7,1.3,3,Performer,1
1461,2.2,3.7,2.95,Non-Performer,2
1462,4.6,1.2,2.9,Non-Performer,2
1463,2.2,2.1,2.15,Non-Performer,2
1464,4.8,2,3.4,Performer,1
1465,1.2,2,1.6,Non-Performer,2
1466,1.6,4.4,3,Performer,1
1467,2.1,1.5,1.8,Non-Performer,2
1468,2,3.2,2.6,Non-Performer,2
1469,2.5,2.8,2.65,Non-Performer,2
1470,1.3,4,2.65,Non-Performer,2
1471,4.1,2.7,3.4,Performer,1
1472,1.8,3.6,2.7,Non-Performer,2
1473,4.7,3.4,4.05,Performer,1
1474,3.5,3.5,3.5,Performer,1
1475,4.3,2.8,3.55,Performer,1
1476,2.4,4.8,3.6,Performer,1
1477,4,2.2,3.1,Performer,1
1478,3.9,2,2.95,Non-Performer,2
1479,4.9,1.2,3.05,Performer,1
1480,1.9,2.5,2.2,Non-Performer,2
1481,1.4,4.4,2.9,Non-Performer,2
1482,4.6,4.7,4.65,Performer,1
1483,4.7,2.7,3.7,Performer,1
1484,3.9,4.8,4.35,Performer,1
1485,4.6,4.5,4.55,Performer,1
1486,3.5,3.3,3.4,Performer,1
1487,1.8,3.9,2.85,Non-Performer,2
1488,2.8,2.3,2.55,Non-Performer,2
1489,3.3,4,3.65,Performer,1
1490,2.6,3.3,2.95,Non-Performer,2
1491,4.6,3,3.8,Performer,1
1492,4.4,2.8,3.6,Performer,1
1493,3.6,2.7,3.15,Performer,1
1494,3.3,2.9,3.1,Performer,1
1495,4.5,2.5,3.5,Performer,1
1496,4.7,3.2,3.95,Performer,1
1497,3.5,3,3.25,Performer,1
1498,4.4,3.7,4.05,Performer,1
1499,4.6,1.6,3.1,Performer,1
1500,3.3,4.5,3.9,Performer,1
1501,4.4,4.4,4.4,Performer,1
1502,2.6,4.4,3.5,Performer,1
1503,4.9,2.4,3.65,Performer,1
1504,1.6,3.7,2.65,Non-Performer,2
1505,2.3,2.8,2.55,Non-Performer,2
1506,2.6,2.6,2.6,Non-Performer,2
1507,4.8,2.5,3.65,Performer,1
1508,1.2,1.2,1.2,Non-Performer,2
1509,3.2,4.7,3.95,Performer,1
1510,4.5,1.6,3.05,Performer,1
1511,2.9,3.6,3.25,Performer,1
1512,3.9,4.4,4.15,Performer,1
1513,4.2,1.7,2.95,Non-Performer,2
1514,4.8,4.6,4.7,Performer,1
1515,1.5,2.4,1.95,Non-Performer,2
1516,3.4,2.6,3,Performer,1
1517,3.7,3.4,3.55,Performer,1
1518,1.5,1.7,1.6,Non-Performer,2
1519,3.1,4.4,3.75,Performer,1
1520,3.1,4.4,3.75,Performer,1
1521,2.1,4.1,3.1,Performer,1
1522,1.5,3.9,2.7,Non-Performer,2
1523,2.8,3.1,2.95,Non-Performer,2
1524,4.7,2.4,3.55,Performer,1
1525,3.1,3.5,3.3,Performer,1
1526,3.2,3.8,3.5,Performer,1
1527,2.4,2.3,2.35,Non-Performer,2
1528,3.3,4.2,3.75,Performer,1
1529,3.6,3.1,3.35,Performer,1
1530,3.5,2.1,2.8,Non-Performer,2
1531,1.9,1.3,1.6,Non-Performer,2
1532,1.7,2.7,2.2,Non-Performer,2
1533,2.9,1.7,2.3,Non-Performer,2
1534,1.8,3.9,2.85,Non-Performer,2
1535,2.9,1.8,2.35,Non-Performer,2
1536,2.8,4.9,3.85,Performer,1
1537,2.7,4.3,3.5,Performer,1
1538,3.6,1.8,2.7,Non-Performer,2
1539,1.2,4.5,2.85,Non-Performer,2
1540,1.5,2.3,1.9,Non-Performer,2
1541,3.3,3.7,3.5,Performer,1
1542,3.1,4,3.55,Performer,1
1543,4.1,1.8,2.95,Non-Performer,2
1544,2,3.4,2.7,Non-Performer,2
1545,1.2,2.6,1.9,Non-Performer,2
1546,3.2,3.6,3.4,Performer,1
1547,3.5,3.2,3.35,Performer,1
1548,4.8,4.2,4.5,Performer,1
1549,1.7,2.7,2.2,Non-Performer,2
1550,3.7,4.9,4.3,Performer,1
1551,4.8,4.3,4.55,Performer,1
1552,2.9,2.4,2.65,Non-Performer,2
1553,2.2,4.5,3.35,Performer,1
1554,3.9,2.9,3.4,Performer,1
1555,4.6,4.5,4.55,Performer,1
1556,4.4,1.4,2.9,Non-Performer,2
1557,2.6,1.7,2.15,Non-Performer,2
1558,3.4,1.1,2.25,Non-Performer,2
1559,2.1,1.8,1.95,Non-Performer,2
1560,1.5,2.2,1.85,Non-Performer,2
1561,3.3,2.6,2.95,Non-Performer,2
1562,1.6,3.8,2.7,Non-Performer,2
1563,3,1.1,2.05,Non-Performer,2
1564,2.7,4.2,3.45,Performer,1
1565,4.7,2.7,3.7,Performer,1
1566,2.9,3.4,3.15,Performer,1
1567,3.6,2.1,2.85,Non-Performer,2
1568,4.1,4.1,4.1,Performer,1
1569,3.7,2.7,3.2,Performer,1
1570,2.7,2.2,2.45,Non-Performer,2
1571,3.6,3.6,3.6,Performer,1
1572,3.2,3.8,3.5,Performer,1
1573,3.5,1.7,2.6,Non-Performer,2
1574,1.9,4.5,3.2,Performer,1
1575,1.9,1.3,1.6,Non-Performer,2
1576,1.5,2.8,2.15,Non-Performer,2
1577,2.5,3.6,3.05,Performer,1
1578,3.6,1.9,2.75,Non-Performer,2
1579,4.7,1.6,3.15,Performer,1
1580,1.6,2,1.8,Non-Performer,2
1581,3.1,4.1,3.6,Performer,1
1582,3.7,4.5,4.1,Performer,1
1583,3.7,4.7,4.2,Performer,1
1584,1.4,2.5,1.95,Non-Performer,2
1585,3,4.6,3.8,Performer,1
1586,1.6,2.7,2.15,Non-Performer,2
1587,1.4,1.5,1.45,Non-Performer,2
1588,3.1,2.1,2.6,Non-Performer,2
1589,3.9,2.5,3.2,Performer,1
1590,3.1,4.3,3.7,Performer,1
1591,1.2,2,1.6,Non-Performer,2
1592,3.3,3.6,3.45,Performer,1
1593,3.7,4.3,4,Performer,1
1594,3.4,3.1,3.25,Performer,1
1595,3.1,2.2,2.65,Non-Performer,2
1596,4.7,2.6,3.65,Performer,1
1597,4.6,2.1,3.35,Performer,1
1598,3,4.6,3.8,Performer,1
1599,1.7,1.2,1.45,Non-Performer,2
1600,1.4,1.6,1.5,Non-Performer,2
1601,4.6,2.2,3.4,Performer,1
1602,4.9,1.9,3.4,Performer,1
1603,4.8,4.2,4.5,Performer,1
1604,2,2.8,2.4,Non-Performer,2
1605,4.4,4.2,4.3,Performer,1
1606,1.6,2.6,2.1,Non-Performer,2
1607,1.3,3,2.15,Non-Performer,2
1608,3,3,3,Performer,1
1609,2.5,2.5,2.5,Non-Performer,2
1610,3.3,3,3.15,Performer,1
1611,1.4,1.7,1.55,Non-Performer,2
1612,4.3,2.9,3.6,Performer,1
1613,2,4.5,3.25,Performer,1
1614,4.1,1.8,2.95,Non-Performer,2
1615,4.6,1.5,3.05,Performer,1
1616,2.8,2.1,2.45,Non-Performer,2
1617,4.2,3.2,3.7,Performer,1
1618,3.5,4.5,4,Performer,1
1619,2.8,3,2.9,Non-Performer,2
1620,2.8,3,2.9,Non-Performer,2
1621,2.2,3.4,2.8,Non-Performer,2
1622,4,1.8,2.9,Non-Performer,2
1623,3.4,4.9,4.15,Performer,1
1624,4.5,4.4,4.45,Performer,1
1625,1.5,2.4,1.95,Non-Performer,2
1626,1.2,2.9,2.05,Non-Performer,2
1627,1.8,4.9,3.35,Performer,1
1628,4,2,3,Performer,1
1629,1.9,2.6,2.25,Non-Performer,2
1630,4,1.5,2.75,Non-Performer,2
1631,2.7,3.3,3,Performer,1
1632,2.6,1.9,2.25,Non-Performer,2
1633,1.5,2.8,2.15,Non-Performer,2
1634,2.4,3.7,3.05,Performer,1
1635,1.6,2.4,2,Non-Performer,2
1636,1.4,2.8,2.1,Non-Performer,2
1637,4.2,4.1,4.15,Performer,1
1638,1.2,3.6,2.4,Non-Performer,2
1639,2.3,3.2,2.75,Non-Performer,2
1640,4.1,4.4,4.25,Performer,1
1641,1.3,3.6,2.45,Non-Performer,2
1642,3.4,3.8,3.6,Performer,1
1643,3.2,4.7,3.95,Performer,1
1644,2.5,2.2,2.35,Non-Performer,2
1645,1.7,4.1,2.9,Non-Performer,2
1646,4.2,1.4,2.8,Non-Performer,2
1647,3.7,1.9,2.8,Non-Performer,2
1648,1.1,3.1,2.1,Non-Performer,2
1649,4,2.6,3.3,Performer,1
1650,3.3,3.4,3.35,Performer,1
1651,2.4,4.8,3.6,Performer,1
1652,1.6,4.1,2.85,Non-Performer,2
1653,4.7,3.2,3.95,Performer,1
1654,3.1,4.8,3.95,Performer,1
1655,3.3,2.6,2.95,Non-Performer,2
1656,4.8,2.6,3.7,Performer,1
1657,2.3,1.8,2.05,Non-Performer,2
1658,4.2,4.7,4.45,Performer,1
1659,1.6,3.7,2.65,Non-Performer,2
1660,2.9,1.9,2.4,Non-Performer,2
1661,4.1,4.5,4.3,Performer,1
1662,3.2,1.2,2.2,Non-Performer,2
1663,3.4,2.3,2.85,Non-Performer,2
1664,2.2,3.9,3.05,Performer,1
1665,4.7,4.3,4.5,Performer,1
1666,3,1.8,2.4,Non-Performer,2
1667,4.2,1.5,2.85,Non-Performer,2
1668,4.3,1.2,2.75,Non-Performer,2
1669,2.6,3,2.8,Non-Performer,2
1670,3.8,4,3.9,Performer,1
1671,3.1,1.3,2.2,Non-Performer,2
1672,3.6,2,2.8,Non-Performer,2
1673,3.5,4.2,3.85,Performer,1
1674,1.7,2.3,2,Non-Performer,2
1675,4.4,4.4,4.4,Performer,1
1676,3.9,2.2,3.05,Performer,1
1677,4.9,2.1,3.5,Performer,1
1678,2.2,2,2.1,Non-Performer,2
1679,2,4,3,Performer,1
1680,3,2.7,2.85,Non-Performer,2
1681,2.4,1.6,2,Non-Performer,2
1682,1.7,2.1,1.9,Non-Performer,2
1683,2.6,2.8,2.7,Non-Performer,2
1684,2,2.9,2.45,Non-Performer,2
1685,4,3.8,3.9,Performer,1
1686,1.5,4.8,3.15,Performer,1
1687,3.3,4,3.65,Performer,1
1688,4.4,2.4,3.4,Performer,1
1689,2.4,2.3,2.35,Non-Performer,2
1690,4.2,2.9,3.55,Performer,1
1691,1.2,2.3,1.75,Non-Performer,2
1692,2.9,3.9,3.4,Performer,1
1693,4,2.3,3.15,Performer,1
1694,2.9,1.6,2.25,Non-Performer,2
1695,1.3,2.2,1.75,Non-Performer,2
1696,3.4,4.7,4.05,Performer,1
1697,4.3,3,3.65,Performer,1
1698,3,3.6,3.3,Performer,1
1699,2.5,2.5,2.5,Non-Performer,2
1700,2.8,4,3.4,Performer,1
1701,1.6,1.5,1.55,Non-Performer,2
1702,1.3,2.2,1.75,Non-Performer,2
1703,1.8,4.3,3.05,Performer,1
1704,1.9,2.5,2.2,Non-Performer,2
1705,4,1.9,2.95,Non-Performer,2
1706,4.2,2.8,3.5,Performer,1
1707,1.9,2.1,2,Non-Performer,2
1708,1.3,4,2.65,Non-Performer,2
1709,4.6,4.6,4.6,Performer,1
1710,4.5,3.4,3.95,Performer,1
1711,3.7,1.2,2.45,Non-Performer,2
1712,3.7,2.5,3.1,Performer,1
1713,2,3.7,2.85,Non-Performer,2
1714,2.4,3.4,2.9,Non-Performer,2
1715,3.2,2.4,2.8,Non-Performer,2
1716,3.1,4.5,3.8,Performer,1
1717,2,1.5,1.75,Non-Performer,2
1718,3.3,4.2,3.75,Performer,1
1719,3.1,2.2,2.65,Non-Performer,2
1720,2.1,4.3,3.2,Performer,1
1721,2.1,2.4,2.25,Non-Performer,2
1722,3.3,3.3,3.3,Performer,1
1723,1.8,2.3,2.05,Non-Performer,2
1724,4.2,2.9,3.55,Performer,1
1725,2.6,3.5,3.05,Performer,1
1726,4.5,2,3.25,Performer,1
1727,1.5,3.3,2.4,Non-Performer,2
1728,3,3.3,3.15,Performer,1
1729,2.3,4.3,3.3,Performer,1
1730,3.3,4.8,4.05,Performer,1
1731,1.1,3.1,2.1,Non-Performer,2
1732,1.9,1.9,1.9,Non-Performer,2
1733,2.1,2.2,2.15,Non-Performer,2
1734,4.6,4.6,4.6,Performer,1
1735,2.3,3.7,3,Performer,1
1736,4.7,4.9,4.8,Performer,1
1737,3.4,4.7,4.05,Performer,1
1738,2.3,1.9,2.1,Non-Performer,2
1739,3.1,3.3,3.2,Performer,1
1740,2.6,1.7,2.15,Non-Performer,2
1741,4,2.6,3.3,Performer,1
1742,1.4,1.3,1.35,Non-Performer,2
1743,4.5,2.1,3.3,Performer,1
1744,1.9,4,2.95,Non-Performer,2
1745,3.7,2.8,3.25,Performer,1
1746,1.6,1.4,1.5,Non-Performer,2
1747,4.7,4.6,4.65,Performer,1
1748,4.4,3.4,3.9,Performer,1
1749,1.6,1.8,1.7,Non-Performer,2
1750,4.1,3.6,3.85,Performer,1
1751,2.2,2.4,2.3,Non-Performer,2
1752,3,3.2,3.1,Performer,1
1753,4.7,3.1,3.9,Performer,1
1754,3.4,1.9,2.65,Non-Performer,2
1755,2.5,4.7,3.6,Performer,1
1756,2.9,1.8,2.35,Non-Performer,2
1757,3.8,4.9,4.35,Performer,1
1758,2.9,3.2,3.05,Performer,1
1759,3.7,3,3.35,Performer,1
1760,3.1,3.7,3.4,Performer,1
1761,4.2,1.7,2.95,Non-Performer,2
1762,3.1,2.1,2.6,Non-Performer,2
1763,3.4,1.4,2.4,Non-Performer,2
1764,2.5,2.7,2.6,Non-Performer,2
1765,2.7,1.7,2.2,Non-Performer,2
1766,4.1,2.6,3.35,Performer,1
1767,3.3,2.9,3.1,Performer,1
1768,4,3,3.5,Performer,1
1769,1.7,4.9,3.3,Performer,1
1770,4.9,1.5,3.2,Performer,1
1771,2.3,1.4,1.85,Non-Performer,2
1772,2.4,4.3,3.35,Performer,1
1773,4.5,3.1,3.8,Performer,1
1774,2.4,1.6,2,Non-Performer,2
1775,4,3.9,3.95,Performer,1
1776,1.3,4.7,3,Performer,1
1777,3.3,4.8,4.05,Performer,1
1778,3.3,3.8,3.55,Performer,1
1779,2.4,1.7,2.05,Non-Performer,2
1780,4,1.7,2.85,Non-Performer,2
1781,2.4,3.6,3,Performer,1
1782,1.8,2.7,2.25,Non-Performer,2
1783,4.7,4.6,4.65,Performer,1
1784,2.2,4.1,3.15,Performer,1
1785,2.7,2.6,2.65,Non-Performer,2
1786,3.8,4.6,4.2,Performer,1
1787,4,3.1,3.55,Performer,1
1788,3.7,3.8,3.75,Performer,1
1789,4,2.7,3.35,Performer,1
1790,4.8,2.7,3.75,Performer,1
1791,2.8,3.4,3.1,Performer,1
1792,4.6,4.3,4.45,Performer,1
1793,2.7,1.8,2.25,Non-Performer,2
1794,2.1,3.2,2.65,Non-Performer,2
1795,1.4,1.1,1.25,Non-Performer,2
1796,4.2,2.8,3.5,Performer,1
1797,3.5,4.6,4.05,Performer,1
1798,2.9,1.8,2.35,Non-Performer,2
1799,3.1,3.4,3.25,Performer,1
1800,4.1,3.2,3.65,Performer,1
1801,4.3,4,4.15,Performer,1
1802,3.6,2,2.8,Non-Performer,2
1803,4.7,4.2,4.45,Performer,1
1804,1.6,1.5,1.55,Non-Performer,2
1805,3.2,2.5,2.85,Non-Performer,2
1806,3.4,3.2,3.3,Performer,1
1807,3.2,1.3,2.25,Non-Performer,2
1808,3.3,4.6,3.95,Performer,1
1809,2.7,2.2,2.45,Non-Performer,2
1810,2.8,2.2,2.5,Non-Performer,2
1811,1.7,1.2,1.45,Non-Performer,2
1812,2.3,4,3.15,Performer,1
1813,1.4,2,1.7,Non-Performer,2
1814,2.2,3.6,2.9,Non-Performer,2
1815,3.2,2.7,2.95,Non-Performer,2
1816,3.5,2.6,3.05,Performer,1
1817,2.8,1.4,2.1,Non-Performer,2
1818,1.6,3.9,2.75,Non-Performer,2
1819,1.7,3.6,2.65,Non-Performer,2
1820,3.7,1.4,2.55,Non-Performer,2
1821,4.6,3.1,3.85,Performer,1
1822,2.7,2.9,2.8,Non-Performer,2
1823,1.7,1.4,1.55,Non-Performer,2
1824,1.3,2.5,1.9,Non-Performer,2
1825,2.1,4.7,3.4,Performer,1
1826,3.4,3.5,3.45,Performer,1
1827,1.6,2.6,2.1,Non-Performer,2
1828,3,3.4,3.2,Performer,1
1829,2.7,3.7,3.2,Performer,1
1830,3.9,2.9,3.4,Performer,1
1831,4.2,4.2,4.2,Performer,1
1832,1.2,3.2,2.2,Non-Performer,2
1833,3.2,2.3,2.75,Non-Performer,2
1834,3.6,3.9,3.75,Performer,1
1835,4.4,4,4.2,Performer,1
1836,4.3,3.8,4.05,Performer,1
1837,2.9,2.2,2.55,Non-Performer,2
1838,2.9,4.3,3.6,Performer,1
1839,1.2,1.6,1.4,Non-Performer,2
1840,1.5,3.4,2.45,Non-Performer,2
1841,2.8,4.8,3.8,Performer,1
1842,3.6,1.3,2.45,Non-Performer,2
1843,4.9,2.6,3.75,Performer,1
1844,2,1.3,1.65,Non-Performer,2
1845,4,3.8,3.9,Performer,1
1846,1.3,3.3,2.3,Non-Performer,2
1847,1.5,1.9,1.7,Non-Performer,2
1848,4.4,3.3,3.85,Performer,1
1849,1.8,1.3,1.55,Non-Performer,2
1850,2.8,3,2.9,Non-Performer,2
1851,2.4,4.6,3.5,Performer,1
1852,1.6,2.6,2.1,Non-Performer,2
1853,2.1,3.2,2.65,Non-Performer,2
1854,1.8,4,2.9,Non-Performer,2
1855,2.6,1.3,1.95,Non-Performer,2
1856,2,4.3,3.15,Performer,1
1857,3.5,2.1,2.8,Non-Performer,2
1858,1.3,1.2,1.25,Non-Performer,2
1859,4.6,2.4,3.5,Performer,1
1860,2.2,4.4,3.3,Performer,1
1861,3.5,3.4,3.45,Performer,1
1862,1.9,1.3,1.6,Non-Performer,2
1863,2.3,4.8,3.55,Performer,1
1864,1.2,1.4,1.3,Non-Performer,2
1865,3.2,4.6,3.9,Performer,1
1866,1.4,4.4,2.9,Non-Performer,2
1867,2.1,3.8,2.95,Non-Performer,2
1868,3.4,2.8,3.1,Performer,1
1869,3.9,4.2,4.05,Performer,1
1870,2.9,1.9,2.4,Non-Performer,2
1871,1.6,4.5,3.05,Performer,1
1872,2.5,4.4,3.45,Performer,1
1873,1.8,2.2,2,Non-Performer,2
1874,4,1.7,2.85,Non-Performer,2
1875,1.5,3.8,2.65,Non-Performer,2
1876,3.5,2.6,3.05,Performer,1
1877,4.4,3.6,4,Performer,1
1878,3.6,2.7,3.15,Performer,1
1879,4.9,3.5,4.2,Performer,1
1880,2.7,1.6,2.15,Non-Performer,2
1881,1.3,1.6,1.45,Non-Performer,2
1882,1.6,4,2.8,Non-Performer,2
1883,1.8,4.1,2.95,Non-Performer,2
1884,3.9,2.3,3.1,Performer,1
1885,1.9,2.9,2.4,Non-Performer,2
1886,1.7,4.3,3,Performer,1
1887,3.3,2.5,2.9,Non-Performer,2
1888,2,1.6,1.8,Non-Performer,2
1889,3.8,4.2,4,Performer,1
1890,3.5,1.8,2.65,Non-Performer,2
1891,3.1,4,3.55,Performer,1
1892,1.4,2.2,1.8,Non-Performer,2
1893,3.4,3.6,3.5,Performer,1
1894,2.9,1.4,2.15,Non-Performer,2
1895,1.8,4.2,3,Performer,1
1896,4.6,3.9,4.25,Performer,1
1897,3.9,1.4,2.65,Non-Performer,2
1898,2.8,2.2,2.5,Non-Performer,2
1899,2.1,4,3.05,Performer,1
1900,4.3,2.6,3.45,Performer,1
1901,2.4,2,2.2,Non-Performer,2
1902,3.6,1.9,2.75,Non-Performer,2
1903,2,4,3,Performer,1
1904,1.4,2.3,1.85,Non-Performer,2
1905,2.4,3.3,2.85,Non-Performer,2
1906,2,3.8,2.9,Non-Performer,2
1907,2.6,2.1,2.35,Non-Performer,2
1908,4,4.8,4.4,Performer,1
1909,3.3,3.5,3.4,Performer,1
1910,3.2,1.9,2.55,Non-Performer,2
1911,3.1,2.3,2.7,Non-Performer,2
1912,3.9,3.4,3.65,Performer,1
1913,4.6,3.6,4.1,Performer,1
1914,2,2.4,2.2,Non-Performer,2
1915,4.5,2.9,3.7,Performer,1
1916,1.3,3.7,2.5,Non-Performer,2
1917,2.5,3,2.75,Non-Performer,2
1918,3.6,2.1,2.85,Non-Performer,2
1919,4.7,4.3,4.5,Performer,1
1920,3.4,3.8,3.6,Performer,1
1921,4.3,3.9,4.1,Performer,1
1922,2.6,3.1,2.85,Non-Performer,2
1923,2.1,3.2,2.65,Non-Performer,2
1924,3.5,3.3,3.4,Performer,1
1925,4.9,4,4.45,Performer,1
1926,1.7,2.4,2.05,Non-Performer,2
1927,3.8,3.2,3.5,Performer,1
1928,2.6,3.3,2.95,Non-Performer,2
1929,3.9,3,3.45,Performer,1
1930,3.4,3.4,3.4,Performer,1
1931,3.9,1.6,2.75,Non-Performer,2
1932,2.9,3.2,3.05,Performer,1
1933,2.4,3.3,2.85,Non-Performer,2
1934,3,3.3,3.15,Performer,1
1935,4.5,3.3,3.9,Performer,1
1936,1.3,3.9,2.6,Non-Performer,2
1937,1.3,4.5,2.9,Non-Performer,2
1938,2.8,3,2.9,Non-Performer,2
1939,3,4.5,3.75,Performer,1
1940,4.7,3.8,4.25,Performer,1
1941,4.5,4.4,4.45,Performer,1
1942,2.2,2.1,2.15,Non-Performer,2
1943,3,3.5,3.25,Performer,1
1944,2.6,4.7,3.65,Performer,1
1945,1.9,2.8,2.35,Non-Performer,2
1946,2.9,3.9,3.4,Performer,1
1947,2.2,3.4,2.8,Non-Performer,2
1948,2.3,1.7,2,Non-Performer,2
1949,3.9,3.4,3.65,Performer,1
1950,2.7,3.2,2.95,Non-Performer,2
1951,1.8,2.4,2.1,Non-Performer,2
1952,2.3,2.2,2.25,Non-Performer,2
1953,3.8,1.8,2.8,Non-Performer,2
1954,3.7,4.4,4.05,Performer,1
1955,3.1,2.4,2.75,Non-Performer,2
1956,1.2,4.9,3.05,Performer,1
1957,1.3,4.6,2.95,Non-Performer,2
1958,4.7,3.4,4.05,Performer,1
1959,2,3.3,2.65,Non-Performer,2
1960,4.7,2.6,3.65,Performer,1
1961,3.3,3.7,3.5,Performer,1
1962,2.3,4,3.15,Performer,1
1963,1.3,3,2.15,Non-Performer,2
1964,2.7,1.6,2.15,Non-Performer,2
1965,3.9,3.4,3.65,Performer,1
1966,2.1,3.4,2.75,Non-Performer,2
1967,2.2,1.9,2.05,Non-Performer,2
1968,3.2,3,3.1,Performer,1
1969,4.2,3.8,4,Performer,1
1970,4.4,4.2,4.3,Performer,1
1971,2.4,3.9,3.15,Performer,1
1972,2.8,3.9,3.35,Performer,1
1973,3.9,4.6,4.25,Performer,1
1974,2,4.4,3.2,Performer,1
1975,4,4.6,4.3,Performer,1
1976,1.6,4.4,3,Performer,1
1977,3.2,3.6,3.4,Performer,1
1978,2.8,2.4,2.6,Non-Performer,2
1979,1.8,1.5,1.65,Non-Performer,2
1980,2,3.4,2.7,Non-Performer,2
1981,3.9,3.8,3.85,Performer,1
1982,1.1,3.8,2.45,Non-Performer,2
1983,1.2,4.6,2.9,Non-Performer,2
1984,3.9,2,2.95,Non-Performer,2
1985,4,3.6,3.8,Performer,1
1986,4.2,3.8,4,Performer,1
1987,1.5,2.3,1.9,Non-Performer,2
1988,1.1,3.7,2.4,Non-Performer,2
1989,1.9,1.4,1.65,Non-Performer,2
1990,3.9,1.5,2.7,Non-Performer,2
1991,4.5,1.8,3.15,Performer,1
1992,1.9,2.7,2.3,Non-Performer,2
1993,2.6,1.3,1.95,Non-Performer,2
1994,3.1,1.8,2.45,Non-Performer,2
1995,3.8,3.9,3.85,Performer,1
1996,1.7,2.2,1.95,Non-Performer,2
1997,3.7,3.7,3.7,Performer,1
1998,2.5,2.2,2.35,Non-Performer,2
1999,1.3,4.2,2.75,Non-Performer,2
2000,2.7,3.7,3.2,Performer,1
2001,4.7,2.8,3.75,Performer,1
2002,3.1,1.3,2.2,Non-Performer,2
2003,4.7,1.5,3.1,Performer,1
2004,4,2.2,3.1,Performer,1
2005,3.7,1.7,2.7,Non-Performer,2
2006,1.5,4.9,3.2,Performer,1
2007,3.9,2,2.95,Non-Performer,2
2008,4.7,1.8,3.25,Performer,1
2009,3.1,3.5,3.3,Performer,1
2010,4.6,2,3.3,Performer,1
2011,1.9,2.1,2,Non-Performer,2
2012,3.5,1.4,2.45,Non-Performer,2
2013,4.7,2.9,3.8,Performer,1
2014,1.4,3.9,2.65,Non-Performer,2
2015,4,3.2,3.6,Performer,1
2016,4.1,2.1,3.1,Performer,1
2017,1.4,3.3,2.35,Non-Performer,2
2018,3.1,3,3.05,Performer,1
2019,2.7,4.2,3.45,Performer,1
2020,4.2,2.5,3.35,Performer,1
2021,3.8,3.8,3.8,Performer,1
2022,2.6,4.9,3.75,Performer,1
2023,3.7,2.3,3,Performer,1
2024,1.4,4,2.7,Non-Performer,2
2025,3.1,2.1,2.6,Non-Performer,2
2026,3,2.8,2.9,Non-Performer,2
2027,1.6,1.8,1.7,Non-Performer,2
2028,3.8,4.3,4.05,Performer,1
2029,2.4,1.2,1.8,Non-Performer,2
2030,3.4,2.5,2.95,Non-Performer,2
2031,4,2.8,3.4,Performer,1
2032,3.9,1.9,2.9,Non-Performer,2
2033,4,2.6,3.3,Performer,1
2034,1.4,4.6,3,Performer,1
2035,2.8,4,3.4,Performer,1
2036,2.1,4.3,3.2,Performer,1
2037,1.3,2.3,1.8,Non-Performer,2
2038,1.9,3.1,2.5,Non-Performer,2
2039,3.3,3.6,3.45,Performer,1
2040,2,3.3,2.65,Non-Performer,2
2041,3.2,4.2,3.7,Performer,1
2042,2.1,4.4,3.25,Performer,1
2043,2.2,3.5,2.85,Non-Performer,2
2044,1.9,2.4,2.15,Non-Performer,2
2045,2,2.7,2.35,Non-Performer,2
2046,2.6,4,3.3,Performer,1
2047,2.8,3.9,3.35,Performer,1
2048,3.5,1.9,2.7,Non-Performer,2
2049,2.8,3.3,3.05,Performer,1
2050,4,4.8,4.4,Performer,1
2051,1.3,2.6,1.95,Non-Performer,2
2052,3.5,1.6,2.55,Non-Performer,2
2053,1.6,1.5,1.55,Non-Performer,2
2054,3.1,2.1,2.6,Non-Performer,2
2055,4.7,1.7,3.2,Performer,1
2056,1.9,1.5,1.7,Non-Performer,2
2057,2.2,4.8,3.5,Performer,1
2058,3,2.1,2.55,Non-Performer,2
2059,4.7,1.8,3.25,Performer,1
2060,4.3,4.7,4.5,Performer,1
2061,1.4,2.9,2.15,Non-Performer,2
2062,1.4,2.2,1.8,Non-Performer,2
2063,3.2,3.3,3.25,Performer,1
2064,2.2,3.4,2.8,Non-Performer,2
2065,3.4,1.3,2.35,Non-Performer,2
2066,2.1,4.8,3.45,Performer,1
2067,2.3,2.1,2.2,Non-Performer,2
2068,4.7,2.7,3.7,Performer,1
2069,4.5,3.8,4.15,Performer,1
2070,2.4,2.7,2.55,Non-Performer,2
2071,2.6,2.5,2.55,Non-Performer,2
2072,2.9,2.3,2.6,Non-Performer,2
2073,2.5,2,2.25,Non-Performer,2
2074,3.3,2.1,2.7,Non-Performer,2
2075,4.6,2.6,3.6,Performer,1
2076,4.4,4.1,4.25,Performer,1
2077,3.3,2.6,2.95,Non-Performer,2
2078,3.2,4.5,3.85,Performer,1
2079,2.7,2.8,2.75,Non-Performer,2
2080,4.6,3.4,4,Performer,1
2081,3.6,4.8,4.2,Performer,1
2082,3.2,3.7,3.45,Performer,1
2083,3.3,2.6,2.95,Non-Performer,2
2084,3.9,3.8,3.85,Performer,1
2085,3.1,1.5,2.3,Non-Performer,2
2086,4.9,4.1,4.5,Performer,1
2087,3,2.7,2.85,Non-Performer,2
2088,4,3.8,3.9,Performer,1
2089,4.1,4.7,4.4,Performer,1
2090,2.8,2.9,2.85,Non-Performer,2
2091,3.4,4.2,3.8,Performer,1
2092,3.2,4.5,3.85,Performer,1
2093,3.6,1.5,2.55,Non-Performer,2
2094,2.7,4.5,3.6,Performer,1
2095,3.9,2.8,3.35,Performer,1
2096,2.2,2.3,2.25,Non-Performer,2
2097,4.1,2.8,3.45,Performer,1
2098,3.8,3.2,3.5,Performer,1
2099,4.9,1.7,3.3,Performer,1
2100,2.2,3,2.6,Non-Performer,2
2101,3.6,3.6,3.6,Performer,1
2102,2.5,1.6,2.05,Non-Performer,2
2103,2.2,4.5,3.35,Performer,1
2104,2,1.5,1.75,Non-Performer,2
2105,2,2.8,2.4,Non-Performer,2
2106,2.7,4.5,3.6,Performer,1
2107,3.6,2.5,3.05,Performer,1
2108,4.4,2.6,3.5,Performer,1
2109,2.2,3,2.6,Non-Performer,2
2110,1.4,2.8,2.1,Non-Performer,2
2111,2,3.5,2.75,Non-Performer,2
2112,1.6,4.2,2.9,Non-Performer,2
2113,1.3,1.3,1.3,Non-Performer,2
2114,3.8,3.9,3.85,Performer,1
2115,4.2,1.4,2.8,Non-Performer,2
2116,1.5,4.5,3,Performer,1
2117,3.6,1.8,2.7,Non-Performer,2
2118,3.3,1.5,2.4,Non-Performer,2
2119,3.3,4.6,3.95,Performer,1
2120,2.8,1.5,2.15,Non-Performer,2
2121,3.3,4.8,4.05,Performer,1
2122,2.9,2.6,2.75,Non-Performer,2
2123,3.8,1.8,2.8,Non-Performer,2
2124,1.2,1.3,1.25,Non-Performer,2
2125,2.3,2.4,2.35,Non-Performer,2
2126,4.8,3.2,4,Performer,1
2127,3.1,3.1,3.1,Performer,1
2128,3.3,1.9,2.6,Non-Performer,2
2129,3.1,4.4,3.75,Performer,1
2130,1.9,2.3,2.1,Non-Performer,2
2131,4.7,2.9,3.8,Performer,1
2132,1.5,1.3,1.4,Non-Performer,2
2133,4.5,4.4,4.45,Performer,1
2134,4.6,3.4,4,Performer,1
2135,3.6,1.5,2.55,Non-Performer,2
2136,3.4,2.4,2.9,Non-Performer,2
2137,3.7,4.1,3.9,Performer,1
2138,3.4,3.3,3.35,Performer,1
2139,3.1,2.2,2.65,Non-Performer,2
2140,3.9,3.4,3.65,Performer,1
2141,3.4,3.3,3.35,Performer,1
2142,4.1,1.8,2.95,Non-Performer,2
2143,2.9,4.6,3.75,Performer,1
2144,2.3,4.8,3.55,Performer,1
2145,2.3,1.7,2,Non-Performer,2
2146,2.8,3.1,2.95,Non-Performer,2
2147,3.6,2.1,2.85,Non-Performer,2
2148,4.7,2.1,3.4,Performer,1
2149,4.1,3.1,3.6,Performer,1
2150,2.9,1.6,2.25,Non-Performer,2
2151,4.7,3.9,4.3,Performer,1
2152,4.4,3,3.7,Performer,1
2153,1.5,2.5,2,Non-Performer,2
2154,1.5,3.5,2.5,Non-Performer,2
2155,2.3,4.6,3.45,Performer,1
2156,2.6,3.1,2.85,Non-Performer,2
2157,3.3,4,3.65,Performer,1
2158,3.1,1.7,2.4,Non-Performer,2
2159,3.2,2.4,2.8,Non-Performer,2
2160,1.5,2.3,1.9,Non-Performer,2
2161,2.6,4.3,3.45,Performer,1
2162,1.7,4.2,2.95,Non-Performer,2
2163,4.1,2.9,3.5,Performer,1
2164,3.9,4,3.95,Performer,1
2165,4.4,2.6,3.5,Performer,1
2166,2.9,4,3.45,Performer,1
2167,3,3.8,3.4,Performer,1
2168,4.3,3,3.65,Performer,1
2169,1.3,2.1,1.7,Non-Performer,2
2170,2.8,2.6,2.7,Non-Performer,2
2171,3.2,2.5,2.85,Non-Performer,2
2172,2.1,4.8,3.45,Performer,1
2173,2.7,4.4,3.55,Performer,1
2174,4.8,4.1,4.45,Performer,1
2175,4.5,1.9,3.2,Performer,1
2176,4.2,2,3.1,Performer,1
2177,4.7,1.9,3.3,Performer,1
2178,1.6,4.7,3.15,Performer,1
2179,4.6,1.6,3.1,Performer,1
2180,4.7,1.4,3.05,Performer,1
2181,3,1.3,2.15,Non-Performer,2
2182,2.4,1.7,2.05,Non-Performer,2
2183,2.1,4.8,3.45,Performer,1
2184,3.4,4.8,4.1,Performer,1
2185,1.2,2.5,1.85,Non-Performer,2
2186,4.7,4,4.35,Performer,1
2187,3.6,2.6,3.1,Performer,1
2188,2,4.5,3.25,Performer,1
2189,3.1,3.2,3.15,Performer,1
2190,1.5,3.5,2.5,Non-Performer,2
2191,3.5,2.4,2.95,Non-Performer,2
2192,4.5,3.7,4.1,Performer,1
2193,4.3,1.4,2.85,Non-Performer,2
2194,3.9,3.1,3.5,Performer,1
2195,3,2.9,2.95,Non-Performer,2
2196,3.9,3.7,3.8,Performer,1
2197,1.4,1.2,1.3,Non-Performer,2
2198,4.1,4.5,4.3,Performer,1
2199,3,4.8,3.9,Performer,1
2200,2.7,4.7,3.7,Performer,1
2201,2.6,4.4,3.5,Performer,1
2202,3.2,3.4,3.3,Performer,1
2203,3.7,4.7,4.2,Performer,1
2204,2.7,2.7,2.7,Non-Performer,2
2205,1.7,1.1,1.4,Non-Performer,2
2206,4.6,3.1,3.85,Performer,1
2207,2.2,3.9,3.05,Performer,1
2208,1.4,1.2,1.3,Non-Performer,2
2209,2.5,1.1,1.8,Non-Performer,2
2210,2.9,4.6,3.75,Performer,1
2211,3.9,3.4,3.65,Performer,1
2212,1.5,1.9,1.7,Non-Performer,2
2213,1.8,1.9,1.85,Non-Performer,2
2214,4.6,4.4,4.5,Performer,1
2215,2.5,4.1,3.3,Performer,1
2216,4.9,1.3,3.1,Performer,1
2217,4.7,1.5,3.1,Performer,1
2218,3.5,3,3.25,Performer,1
2219,2.4,2.5,2.45,Non-Performer,2
2220,1.2,2.1,1.65,Non-Performer,2
2221,3.6,3.5,3.55,Performer,1
2222,2,1.3,1.65,Non-Performer,2
2223,2.7,1.6,2.15,Non-Performer,2
2224,2.9,2.7,2.8,Non-Performer,2
2225,1.3,4.8,3.05,Performer,1
2226,3.3,4.7,4,Performer,1
2227,1.2,4.5,2.85,Non-Performer,2
2228,4.5,3,3.75,Performer,1
2229,3.5,2.6,3.05,Performer,1
2230,1.7,3.2,2.45,Non-Performer,2
2231,4.7,4.8,4.75,Performer,1
2232,2.3,2.7,2.5,Non-Performer,2
2233,4.9,1.1,3,Performer,1
2234,4.8,4.5,4.65,Performer,1
2235,1.8,1.6,1.7,Non-Performer,2
2236,1.5,3,2.25,Non-Performer,2
2237,4.6,2.3,3.45,Performer,1
2238,2,4,3,Performer,1
2239,4.8,3.6,4.2,Performer,1
2240,2.2,2,2.1,Non-Performer,2
2241,3.1,3.7,3.4,Performer,1
2242,4.3,1.5,2.9,Non-Performer,2
2243,2.8,3.5,3.15,Performer,1
2244,3,3.7,3.35,Performer,1
2245,2.1,3.5,2.8,Non-Performer,2
2246,4,4.6,4.3,Performer,1
2247,3.9,1.8,2.85,Non-Performer,2
2248,3.5,3.9,3.7,Performer,1
2249,1.3,1.1,1.2,Non-Performer,2
2250,3.1,1.1,2.1,Non-Performer,2
2251,1.4,4.9,3.15,Performer,1
2252,3.3,3.1,3.2,Performer,1
2253,2.3,1.3,1.8,Non-Performer,2
2254,4,1.6,2.8,Non-Performer,2
2255,1.2,3,2.1,Non-Performer,2
2256,1.7,3.3,2.5,Non-Performer,2
2257,2.3,3.3,2.8,Non-Performer,2
2258,1.8,4,2.9,Non-Performer,2
2259,4.3,3.4,3.85,Performer,1
2260,3.1,3.5,3.3,Performer,1
2261,1.8,2.4,2.1,Non-Performer,2
2262,1.2,2.4,1.8,Non-Performer,2
2263,3.3,1.2,2.25,Non-Performer,2
2264,3.4,4.5,3.95,Performer,1
2265,1.6,4.1,2.85,Non-Performer,2
2266,2.6,2.3,2.45,Non-Performer,2
2267,2.2,4.1,3.15,Performer,1
2268,3.5,2,2.75,Non-Performer,2
2269,2.7,2.9,2.8,Non-Performer,2
2270,4.6,2.7,3.65,Performer,1
2271,1.9,2.2,2.05,Non-Performer,2
2272,1.9,3.2,2.55,Non-Performer,2
2273,2.7,4.8,3.75,Performer,1
2274,3.5,4.3,3.9,Performer,1
2275,2.5,2.3,2.4,Non-Performer,2
2276,4.6,3.3,3.95,Performer,1
2277,3.1,2.2,2.65,Non-Performer,2
2278,1.4,2.7,2.05,Non-Performer,2
2279,2.2,3.9,3.05,Performer,1
2280,1.4,2.4,1.9,Non-Performer,2
2281,3.2,1.9,2.55,Non-Performer,2
2282,4.7,4.1,4.4,Performer,1
2283,3,2.1,2.55,Non-Performer,2
2284,3,3.5,3.25,Performer,1
2285,2,3.7,2.85,Non-Performer,2
2286,3,2.8,2.9,Non-Performer,2
2287,1.8,2.6,2.2,Non-Performer,2
2288,3.6,1.1,2.35,Non-Performer,2
2289,4.2,2.2,3.2,Performer,1
2290,1.2,1.6,1.4,Non-Performer,2
2291,4.7,2.4,3.55,Performer,1
2292,3,2,2.5,Non-Performer,2
2293,3.2,3.1,3.15,Performer,1
2294,2.7,4.2,3.45,Performer,1
2295,2,2.8,2.4,Non-Performer,2
2296,4.3,4.6,4.45,Performer,1
2297,3.4,4.5,3.95,Performer,1
2298,1.8,1.1,1.45,Non-Performer,2
2299,4.9,1.5,3.2,Performer,1
2300,1.7,4,2.85,Non-Performer,2
2301,1.9,3.7,2.8,Non-Performer,2
2302,1.5,2.1,1.8,Non-Performer,2
2303,2.4,3.5,2.95,Non-Performer,2
2304,1.3,4,2.65,Non-Performer,2
2305,4.2,4.1,4.15,Performer,1
2306,3.3,4.6,3.95,Performer,1
2307,4.3,4.6,4.45,Performer,1
2308,1.9,1.4,1.65,Non-Performer,2
2309,2.1,4.8,3.45,Performer,1
2310,4.4,1.8,3.1,Performer,1
2311,3.2,1.1,2.15,Non-Performer,2
2312,1.2,3.8,2.5,Non-Performer,2
2313,4.3,3.1,3.7,Performer,1
2314,2.3,3.7,3,Performer,1
2315,1.6,3.6,2.6,Non-Performer,2
2316,3.2,2.6,2.9,Non-Performer,2
2317,4.8,4.6,4.7,Performer,1
2318,4,4,4,Performer,1
2319,3.7,1.8,2.75,Non-Performer,2
2320,4.8,2.9,3.85,Performer,1
2321,3,4.7,3.85,Performer,1
2322,2.7,1.5,2.1,Non-Performer,2
2323,3.8,1.4,2.6,Non-Performer,2
2324,1.8,1.6,1.7,Non-Performer,2
2325,4.3,2.5,3.4,Performer,1
2326,3.2,3.4,3.3,Performer,1
2327,4.7,3.8,4.25,Performer,1
2328,1.5,1.6,1.55,Non-Performer,2
2329,1.7,3.3,2.5,Non-Performer,2
2330,4.2,4.7,4.45,Performer,1
2331,4.7,3.9,4.3,Performer,1
2332,1.9,3.2,2.55,Non-Performer,2
2333,3.7,2,2.85,Non-Performer,2
2334,4,1.3,2.65,Non-Performer,2
2335,4.4,4.4,4.4,Performer,1
2336,1.4,2.2,1.8,Non-Performer,2
2337,2.5,1.6,2.05,Non-Performer,2
2338,2.6,2.4,2.5,Non-Performer,2
2339,2.1,2.8,2.45,Non-Performer,2
2340,2.2,2.2,2.2,Non-Performer,2
2341,1.2,1.8,1.5,Non-Performer,2
2342,2.9,3,2.95,Non-Performer,2
2343,2.5,3.6,3.05,Performer,1
2344,2.5,3.4,2.95,Non-Performer,2
2345,2,3.7,2.85,Non-Performer,2
2346,4,3,3.5,Performer,1
2347,2,2.6,2.3,Non-Performer,2
2348,1.9,1.4,1.65,Non-Performer,2
2349,2.7,2.3,2.5,Non-Performer,2
2350,1.6,1.5,1.55,Non-Performer,2
2351,2.2,2.7,2.45,Non-Performer,2
2352,3.8,3.3,3.55,Performer,1
2353,3.8,1.3,2.55,Non-Performer,2
2354,1.7,2.6,2.15,Non-Performer,2
2355,4.8,4.2,4.5,Performer,1
2356,1.3,2.6,1.95,Non-Performer,2
2357,1.8,2.9,2.35,Non-Performer,2
2358,1.5,3.6,2.55,Non-Performer,2
2359,3.9,3.5,3.7,Performer,1
2360,2.2,3.7,2.95,Non-Performer,2
2361,2.1,1.1,1.6,Non-Performer,2
2362,4.3,3.7,4,Performer,1
2363,3.1,4.7,3.9,Performer,1
2364,3.1,3,3.05,Performer,1
2365,1.8,3.7,2.75,Non-Performer,2
2366,4.9,4,4.45,Performer,1
2367,4.5,1.3,2.9,Non-Performer,2
2368,2.7,2.2,2.45,Non-Performer,2
2369,1.5,2.3,1.9,Non-Performer,2
2370,2.3,4.6,3.45,Performer,1
2371,1.4,1.8,1.6,Non-Performer,2
2372,2.4,4.5,3.45,Performer,1
2373,2.9,2.2,2.55,Non-Performer,2
2374,4.3,2.4,3.35,Performer,1
2375,3.5,2,2.75,Non-Performer,2
2376,2,3.3,2.65,Non-Performer,2
2377,1.5,2,1.75,Non-Performer,2
2378,4,1.2,2.6,Non-Performer,2
2379,3.8,2.3,3.05,Performer,1
2380,3.5,2.4,2.95,Non-Performer,2
2381,2.2,1.3,1.75,Non-Performer,2
2382,1.3,3.2,2.25,Non-Performer,2
2383,1.8,2.1,1.95,Non-Performer,2
2384,2.7,1.6,2.15,Non-Performer,2
2385,3.6,3.3,3.45,Performer,1
2386,1.1,2.8,1.95,Non-Performer,2
2387,2.1,2.8,2.45,Non-Performer,2
2388,2,2,2,Non-Performer,2
2389,1.6,4.7,3.15,Performer,1
2390,4,2.8,3.4,Performer,1
2391,4.8,3.7,4.25,Performer,1
2392,3.5,3.3,3.4,Performer,1
2393,4.9,2.4,3.65,Performer,1
2394,2,4.1,3.05,Performer,1
2395,4.8,3.4,4.1,Performer,1
2396,3.7,2,2.85,Non-Performer,2
2397,2.8,3,2.9,Non-Performer,2
2398,3.2,1.6,2.4,Non-Performer,2
2399,2.6,3,2.8,Non-Performer,2
2400,1.4,4.2,2.8,Non-Performer,2
2401,2.4,4.8,3.6,Performer,1
2402,4.5,4.4,4.45,Performer,1
2403,3.2,1.7,2.45,Non-Performer,2
2404,2.3,4.4,3.35,Performer,1
2405,1.9,3,2.45,Non-Performer,2
2406,4,3.3,3.65,Performer,1
2407,2.9,2.4,2.65,Non-Performer,2
2408,2.3,4.1,3.2,Performer,1
2409,1.9,3.3,2.6,Non-Performer,2
2410,3.8,3.6,3.7,Performer,1
2411,2.9,2.6,2.75,Non-Performer,2
2412,2.6,3.8,3.2,Performer,1
2413,4.1,2.4,3.25,Performer,1
2414,2.5,4.6,3.55,Performer,1
2415,3,2.1,2.55,Non-Performer,2
2416,2.5,3.4,2.95,Non-Performer,2
2417,4.5,4.3,4.4,Performer,1
2418,1.6,4.7,3.15,Performer,1
2419,4.5,3,3.75,Performer,1
2420,1.6,1.6,1.6,Non-Performer,2
2421,2.5,4.8,3.65,Performer,1
2422,4.9,3,3.95,Performer,1
2423,4.1,2,3.05,Performer,1
2424,4.1,2.4,3.25,Performer,1
2425,3,1.6,2.3,Non-Performer,2
2426,2.2,2,2.1,Non-Performer,2
2427,3.5,2.9,3.2,Performer,1
2428,2,3,2.5,Non-Performer,2
2429,3.2,4.9,4.05,Performer,1
2430,1.3,1.1,1.2,Non-Performer,2
2431,4.6,4.3,4.45,Performer,1
2432,3.6,2.2,2.9,Non-Performer,2
2433,1.4,4.6,3,Performer,1
2434,4.4,3.4,3.9,Performer,1
2435,2.6,4.2,3.4,Performer,1
2436,1.1,1.2,1.15,Non-Performer,2
2437,3,1.4,2.2,Non-Performer,2
2438,2.7,2.7,2.7,Non-Performer,2
2439,4.7,2.8,3.75,Performer,1
2440,3.6,2.5,3.05,Performer,1
2441,1.2,3.6,2.4,Non-Performer,2
2442,3.1,3.7,3.4,Performer,1
2443,2.4,4.3,3.35,Performer,1
2444,1.8,1.4,1.6,Non-Performer,2
2445,3.7,4.4,4.05,Performer,1
2446,3.2,2.3,2.75,Non-Performer,2
2447,1.4,3.5,2.45,Non-Performer,2
2448,2.6,1.8,2.2,Non-Performer,2
2449,4.7,1.4,3.05,Performer,1
2450,1.4,4.8,3.1,Performer,1
2451,2.6,1.7,2.15,Non-Performer,2
2452,3.6,2.6,3.1,Performer,1
2453,1.2,2,1.6,Non-Performer,2
2454,2.7,3.4,3.05,Performer,1
2455,3.8,4.6,4.2,Performer,1
2456,4.9,1.1,3,Performer,1
2457,3.9,4,3.95,Performer,1
2458,2.7,1.9,2.3,Non-Performer,2
2459,3.6,1.4,2.5,Non-Performer,2
2460,4.4,4.1,4.25,Performer,1
2461,2.4,1.2,1.8,Non-Performer,2
2462,4.6,3.5,4.05,Performer,1
2463,2.9,2.2,2.55,Non-Performer,2
2464,1.6,2.7,2.15,Non-Performer,2
2465,4.4,3.7,4.05,Performer,1
2466,1.1,2.5,1.8,Non-Performer,2
2467,1.6,3,2.3,Non-Performer,2
2468,1.9,2.4,2.15,Non-Performer,2
2469,2.8,3.5,3.15,Performer,1
2470,3.6,2.5,3.05,Performer,1
2471,3.6,4.3,3.95,Performer,1
2472,1.2,3.3,2.25,Non-Performer,2
2473,4.9,3.8,4.35,Performer,1
2474,3.8,1.6,2.7,Non-Performer,2
2475,1.5,2.4,1.95,Non-Performer,2
2476,3.2,1.4,2.3,Non-Performer,2
2477,3.7,1.4,2.55,Non-Performer,2
2478,3.3,4.6,3.95,Performer,1
2479,3.5,4.8,4.15,Performer,1
2480,1.3,1.4,1.35,Non-Performer,2
2481,1.9,1.2,1.55,Non-Performer,2
2482,4.3,4,4.15,Performer,1
2483,3.8,1.9,2.85,Non-Performer,2
2484,1.8,1.5,1.65,Non-Performer,2
2485,2.8,1.3,2.05,Non-Performer,2
2486,2.3,4.1,3.2,Performer,1
2487,1.6,2.5,2.05,Non-Performer,2
2488,4.2,3,3.6,Performer,1
2489,4.7,3.4,4.05,Performer,1
2490,1.2,1.3,1.25,Non-Performer,2
2491,2.6,2.1,2.35,Non-Performer,2
2492,1.9,3.4,2.65,Non-Performer,2
2493,3.9,4.3,4.1,Performer,1
2494,1.5,4.7,3.1,Performer,1
2495,3.2,3.2,3.2,Performer,1
2496,3.7,4.6,4.15,Performer,1
2497,4.1,4.2,4.15,Performer,1
2498,1.1,2,1.55,Non-Performer,2
2499,2,1.1,1.55,Non-Performer,2
2500,4.9,3.2,4.05,Performer,1
2501,1.3,1.7,1.5,Non-Performer,2
2502,1.6,3.6,2.6,Non-Performer,2
2503,1.7,4.7,3.2,Performer,1
2504,2.3,1.8,2.05,Non-Performer,2
2505,1.3,1.4,1.35,Non-Performer,2
2506,3.4,3.8,3.6,Performer,1
2507,1.7,2.2,1.95,Non-Performer,2
2508,3.1,1.6,2.35,Non-Performer,2
2509,4.7,1.8,3.25,Performer,1
2510,2.8,2.2,2.5,Non-Performer,2
2511,4.7,4,4.35,Performer,1
2512,2.5,2,2.25,Non-Performer,2
2513,1.2,4.3,2.75,Non-Performer,2
2514,2.1,3,2.55,Non-Performer,2
2515,1.3,4,2.65,Non-Performer,2
2516,3.2,3.1,3.15,Performer,1
2517,2.7,4.6,3.65,Performer,1
2518,2.6,3.2,2.9,Non-Performer,2
2519,4.6,2.9,3.75,Performer,1
2520,1.9,1.4,1.65,Non-Performer,2
2521,1.5,4.8,3.15,Performer,1
2522,1.3,2.4,1.85,Non-Performer,2
2523,3,3.6,3.3,Performer,1
2524,1.7,4.2,2.95,Non-Performer,2
2525,2.5,2.3,2.4,Non-Performer,2
2526,2.1,2.4,2.25,Non-Performer,2
2527,4.1,1.9,3,Performer,1
2528,3.1,3.7,3.4,Performer,1
2529,2.6,3.8,3.2,Performer,1
2530,3.6,3.8,3.7,Performer,1
2531,3.3,1.2,2.25,Non-Performer,2
2532,1.9,4.2,3.05,Performer,1
2533,2.3,1.3,1.8,Non-Performer,2
2534,1.5,4.1,2.8,Non-Performer,2
2535,2.9,3.2,3.05,Performer,1
2536,3.5,3.1,3.3,Performer,1
2537,2.3,2.2,2.25,Non-Performer,2
2538,4.5,3.1,3.8,Performer,1
2539,2.5,4.2,3.35,Performer,1
2540,3.1,4.4,3.75,Performer,1
2541,2.9,2.1,2.5,Non-Performer,2
2542,2.1,3.7,2.9,Non-Performer,2
2543,4.5,2.9,3.7,Performer,1
2544,3.3,3.4,3.35,Performer,1
2545,3,2,2.5,Non-Performer,2
2546,4.3,4.3,4.3,Performer,1
2547,4.3,3,3.65,Performer,1
2548,1.3,4.7,3,Performer,1
2549,4.1,2.3,3.2,Performer,1
2550,1.8,2.5,2.15,Non-Performer,2
2551,1.5,4.3,2.9,Non-Performer,2
2552,2.2,2.8,2.5,Non-Performer,2
2553,3.5,3.3,3.4,Performer,1
2554,3.5,2.2,2.85,Non-Performer,2
2555,4.9,4.4,4.65,Performer,1
2556,3.2,3.5,3.35,Performer,1
2557,2.7,2.2,2.45,Non-Performer,2
2558,1.5,4.8,3.15,Performer,1
2559,3.3,2.5,2.9,Non-Performer,2
2560,4.4,4.7,4.55,Performer,1
2561,2.7,4.2,3.45,Performer,1
2562,2.6,4.9,3.75,Performer,1
2563,3.5,3.7,3.6,Performer,1
2564,1.5,1.5,1.5,Non-Performer,2
2565,1.3,1.7,1.5,Non-Performer,2
2566,3.3,4.7,4,Performer,1
2567,4.7,2.6,3.65,Performer,1
2568,3,4.4,3.7,Performer,1
2569,3.7,4.7,4.2,Performer,1
2570,2.5,1.3,1.9,Non-Performer,2
2571,3.4,2.8,3.1,Performer,1
2572,2,3.7,2.85,Non-Performer,2
2573,3.7,4.4,4.05,Performer,1
2574,3.6,3.9,3.75,Performer,1
2575,3.1,2.4,2.75,Non-Performer,2
2576,3,2.8,2.9,Non-Performer,2
2577,2.9,1.2,2.05,Non-Performer,2
2578,1.6,3,2.3,Non-Performer,2
2579,3.5,1.9,2.7,Non-Performer,2
2580,4.5,4.2,4.35,Performer,1
2581,3.7,4,3.85,Performer,1
2582,3.9,4,3.95,Performer,1
2583,3.5,1.8,2.65,Non-Performer,2
2584,1.8,3.5,2.65,Non-Performer,2
2585,3.1,4,3.55,Performer,1
2586,4.8,3.5,4.15,Performer,1
2587,3.5,4,3.75,Performer,1
2588,3.3,3.8,3.55,Performer,1
2589,2.8,2.1,2.45,Non-Performer,2
2590,3.4,1.7,2.55,Non-Performer,2
2591,4.4,4.3,4.35,Performer,1
2592,2,1.4,1.7,Non-Performer,2
2593,4.7,1.4,3.05,Performer,1
2594,1.2,4.4,2.8,Non-Performer,2
2595,2,2.7,2.35,Non-Performer,2
2596,4.3,4,4.15,Performer,1
2597,1.8,4.1,2.95,Non-Performer,2
2598,2,1.3,1.65,Non-Performer,2
2599,3.1,1.3,2.2,Non-Performer,2
2600,1.9,2.8,2.35,Non-Performer,2
2601,3.9,2.4,3.15,Performer,1
2602,4.1,3.6,3.85,Performer,1
2603,3.5,2.6,3.05,Performer,1
2604,2.7,4.4,3.55,Performer,1
2605,3,2.5,2.75,Non-Performer,2
2606,4.2,2.1,3.15,Performer,1
2607,3.1,4.3,3.7,Performer,1
2608,3.1,2.9,3,Performer,1
2609,1.9,1.9,1.9,Non-Performer,2
2610,1.4,4.2,2.8,Non-Performer,2
2611,1.9,4.1,3,Performer,1
2612,2.5,4.6,3.55,Performer,1
2613,2,2.1,2.05,Non-Performer,2
2614,2.1,4.4,3.25,Performer,1
2615,3.7,4.6,4.15,Performer,1
2616,3.3,3.1,3.2,Performer,1
2617,1.7,1.8,1.75,Non-Performer,2
2618,1.8,4.2,3,Performer,1
2619,1.8,1.2,1.5,Non-Performer,2
2620,3.4,4.4,3.9,Performer,1
2621,1.7,4,2.85,Non-Performer,2
2622,3.8,4.1,3.95,Performer,1
2623,2.7,1.3,2,Non-Performer,2
2624,4.2,4.3,4.25,Performer,1
2625,3.3,2,2.65,Non-Performer,2
2626,3.3,2.4,2.85,Non-Performer,2
2627,2.3,2.2,2.25,Non-Performer,2
2628,4.7,3.3,4,Performer,1
2629,3.5,2.7,3.1,Performer,1
2630,2.9,2.3,2.6,Non-Performer,2
2631,2.9,3.6,3.25,Performer,1
2632,4.2,2.7,3.45,Performer,1
2633,1.4,3.3,2.35,Non-Performer,2
2634,3,1.2,2.1,Non-Performer,2
2635,4.8,1.3,3.05,Performer,1
2636,2.6,2.9,2.75,Non-Performer,2
2637,1.8,1.3,1.55,Non-Performer,2
2638,4.6,2,3.3,Performer,1
2639,4.7,4.4,4.55,Performer,1
2640,3.8,2.4,3.1,Performer,1
2641,2.4,2,2.2,Non-Performer,2
2642,2.4,1.9,2.15,Non-Performer,2
2643,1.2,2.3,1.75,Non-Performer,2
2644,4.5,4.2,4.35,Performer,1
2645,3.1,4.2,3.65,Performer,1
2646,3.1,4.4,3.75,Performer,1
2647,3.6,3.7,3.65,Performer,1
2648,1.8,2.5,2.15,Non-Performer,2
2649,4.1,1.8,2.95,Non-Performer,2
2650,1.9,4.1,3,Performer,1
2651,3,3,3,Performer,1
2652,1.4,2.2,1.8,Non-Performer,2
2653,4.2,1.9,3.05,Performer,1
2654,2.9,2.2,2.55,Non-Performer,2
2655,1.7,4,2.85,Non-Performer,2
2656,4,2.9,3.45,Performer,1
2657,4,4.1,4.05,Performer,1
2658,2.4,2.6,2.5,Non-Performer,2
2659,2.7,1.6,2.15,Non-Performer,2
2660,1.4,2.9,2.15,Non-Performer,2
2661,4.7,1.4,3.05,Performer,1
2662,4.4,2.8,3.6,Performer,1
2663,2.2,2,2.1,Non-Performer,2
2664,1.6,2.6,2.1,Non-Performer,2
2665,3.6,3.1,3.35,Performer,1
2666,4.8,2.9,3.85,Performer,1
2667,4,1.2,2.6,Non-Performer,2
2668,1.5,2.3,1.9,Non-Performer,2
2669,2.6,3.9,3.25,Performer,1
2670,1.2,4.2,2.7,Non-Performer,2
2671,4.7,1.9,3.3,Performer,1
2672,1.2,4.8,3,Performer,1
2673,2.8,1.9,2.35,Non-Performer,2
2674,3.1,3.3,3.2,Performer,1
2675,1.6,4,2.8,Non-Performer,2
2676,3,2.9,2.95,Non-Performer,2
2677,2.5,3.5,3,Performer,1
2678,3.2,4.3,3.75,Performer,1
2679,4.8,3.7,4.25,Performer,1
2680,3,2.3,2.65,Non-Performer,2
2681,4.7,2.1,3.4,Performer,1
2682,3.7,2.1,2.9,Non-Performer,2
2683,1.5,3,2.25,Non-Performer,2
2684,1.2,4.1,2.65,Non-Performer,2
2685,3.6,2.6,3.1,Performer,1
2686,4.2,2.1,3.15,Performer,1
2687,1.7,4.3,3,Performer,1
2688,4.3,1.8,3.05,Performer,1
2689,3.2,3.1,3.15,Performer,1
2690,4.6,4.7,4.65,Performer,1
2691,1.9,3.4,2.65,Non-Performer,2
2692,1.6,1.5,1.55,Non-Performer,2
2693,3.2,3.1,3.15,Performer,1
2694,4,4.9,4.45,Performer,1
2695,2,1.8,1.9,Non-Performer,2
2696,3.9,2.3,3.1,Performer,1
2697,2.5,4,3.25,Performer,1
2698,4,3.2,3.6,Performer,1
2699,1.5,3,2.25,Non-Performer,2
2700,2,2.7,2.35,Non-Performer,2
2701,2.2,3.5,2.85,Non-Performer,2
2702,4.3,2.7,3.5,Performer,1
2703,4,4.7,4.35,Performer,1
2704,4.6,1.7,3.15,Performer,1
2705,1.3,1.9,1.6,Non-Performer,2
2706,1.9,3.9,2.9,Non-Performer,2
2707,4.5,1.8,3.15,Performer,1
2708,2.7,4.7,3.7,Performer,1
2709,4.3,2.9,3.6,Performer,1
2710,3.4,2.8,3.1,Performer,1
2711,2.6,3.1,2.85,Non-Performer,2
2712,1.4,2.1,1.75,Non-Performer,2
2713,4.4,4.2,4.3,Performer,1
2714,1.1,4.2,2.65,Non-Performer,2
2715,2,1.6,1.8,Non-Performer,2
2716,3.1,2.2,2.65,Non-Performer,2
2717,4.7,4.6,4.65,Performer,1
2718,2.4,3,2.7,Non-Performer,2
2719,2.9,3.8,3.35,Performer,1
2720,2.5,1.8,2.15,Non-Performer,2
2721,1.5,4.5,3,Performer,1
2722,4.8,1.3,3.05,Performer,1
2723,2.6,3,2.8,Non-Performer,2
2724,4,4.8,4.4,Performer,1
2725,3,2.5,2.75,Non-Performer,2
2726,2.2,2.3,2.25,Non-Performer,2
2727,3.6,1.3,2.45,Non-Performer,2
2728,2.8,4.3,3.55,Performer,1
2729,2.6,3.4,3,Performer,1
2730,3.5,2.8,3.15,Performer,1
2731,2.4,4.8,3.6,Performer,1
2732,1.3,2.3,1.8,Non-Performer,2
2733,3.3,1.4,2.35,Non-Performer,2
2734,4.1,1.3,2.7,Non-Performer,2
2735,3.2,2,2.6,Non-Performer,2
2736,1.3,4.7,3,Performer,1
2737,3.9,2.2,3.05,Performer,1
2738,3.1,3.5,3.3,Performer,1
2739,3.5,4.4,3.95,Performer,1
2740,3.6,1.2,2.4,Non-Performer,2
2741,2.6,1.9,2.25,Non-Performer,2
2742,1.7,1.2,1.45,Non-Performer,2
2743,3.4,2.6,3,Performer,1
2744,1.2,3.1,2.15,Non-Performer,2
2745,4,3.6,3.8,Performer,1
2746,2,1.5,1.75,Non-Performer,2
2747,1.2,2.9,2.05,Non-Performer,2
2748,2.7,4.9,3.8,Performer,1
2749,3.5,1.3,2.4,Non-Performer,2
2750,4.6,4.1,4.35,Performer,1
2751,3.4,4.9,4.15,Performer,1
2752,1.9,1.7,1.8,Non-Performer,2
2753,4.8,3.7,4.25,Performer,1
2754,3,4.4,3.7,Performer,1
2755,4.2,4.1,4.15,Performer,1
2756,4.2,3.9,4.05,Performer,1
2757,2.7,1.3,2,Non-Performer,2
2758,2,1.3,1.65,Non-Performer,2
2759,3.9,1.1,2.5,Non-Performer,2
2760,1.3,3.9,2.6,Non-Performer,2
2761,4.6,2.1,3.35,Performer,1
2762,1.7,1.4,1.55,Non-Performer,2
2763,1.2,2.9,2.05,Non-Performer,2
2764,3.3,2.3,2.8,Non-Performer,2
2765,4.7,3,3.85,Performer,1
2766,3.6,2.3,2.95,Non-Performer,2
2767,3.6,1.4,2.5,Non-Performer,2
2768,1.5,4.5,3,Performer,1
2769,2.6,4,3.3,Performer,1
2770,3.6,1.7,2.65,Non-Performer,2
2771,1.2,2.9,2.05,Non-Performer,2
2772,1.3,3.4,2.35,Non-Performer,2
2773,1.2,2.3,1.75,Non-Performer,2
2774,3.9,3.5,3.7,Performer,1
2775,3.9,2.8,3.35,Performer,1
2776,2.3,2.2,2.25,Non-Performer,2
2777,3.9,3.9,3.9,Performer,1
2778,4.7,2.6,3.65,Performer,1
2779,4.9,1.9,3.4,Performer,1
2780,3.6,4.6,4.1,Performer,1
2781,4.3,3.1,3.7,Performer,1
2782,1.5,3.3,2.4,Non-Performer,2
2783,1.1,3.1,2.1,Non-Performer,2
2784,1.9,2.5,2.2,Non-Performer,2
2785,3.2,1.4,2.3,Non-Performer,2
2786,3.9,1.9,2.9,Non-Performer,2
2787,2,1.6,1.8,Non-Performer,2
2788,4,4,4,Performer,1
2789,2,4.3,3.15,Performer,1
2790,3.5,3.7,3.6,Performer,1
2791,1.4,3.5,2.45,Non-Performer,2
2792,2.7,3.9,3.3,Performer,1
2793,2.2,4,3.1,Performer,1
2794,4.2,3.1,3.65,Performer,1
2795,2.2,4.2,3.2,Performer,1
2796,1.6,4.3,2.95,Non-Performer,2
2797,4.2,1.5,2.85,Non-Performer,2
2798,1.9,3.3,2.6,Non-Performer,2
2799,1.6,3.8,2.7,Non-Performer,2
2800,1.9,1.6,1.75,Non-Performer,2
2801,3.3,3.3,3.3,Performer,1
2802,4.5,2,3.25,Performer,1
2803,4.8,4.2,4.5,Performer,1
2804,3.5,4.6,4.05,Performer,1
2805,2.4,1.3,1.85,Non-Performer,2
2806,1.1,1.2,1.15,Non-Performer,2
2807,3.2,1.2,2.2,Non-Performer,2
2808,3.2,4.3,3.75,Performer,1
2809,3.8,1.2,2.5,Non-Performer,2
2810,3.6,2.1,2.85,Non-Performer,2
2811,4.4,4.1,4.25,Performer,1
2812,1.5,4.9,3.2,Performer,1
2813,1.9,3.7,2.8,Non-Performer,2
2814,1.6,1.9,1.75,Non-Performer,2
2815,3.6,1.2,2.4,Non-Performer,2
2816,2.7,3,2.85,Non-Performer,2
2817,4,2.7,3.35,Performer,1
2818,4.7,4.5,4.6,Performer,1
2819,4.8,2.3,3.55,Performer,1
2820,4.5,3.2,3.85,Performer,1
2821,3.5,4,3.75,Performer,1
2822,4.9,4,4.45,Performer,1
2823,3.4,4.7,4.05,Performer,1
2824,2.8,4,3.4,Performer,1
2825,4.1,4.3,4.2,Performer,1
2826,4.9,1.9,3.4,Performer,1
2827,2.6,2.3,2.45,Non-Performer,2
2828,2.6,1.9,2.25,Non-Performer,2
2829,4.4,3.8,4.1,Performer,1
2830,1.9,4.7,3.3,Performer,1
2831,4.6,2.5,3.55,Performer,1
2832,3,4,3.5,Performer,1
2833,2.9,2.8,2.85,Non-Performer,2
2834,4,3.7,3.85,Performer,1
2835,3.4,3.6,3.5,Performer,1
2836,2.5,3.3,2.9,Non-Performer,2
2837,3.2,1.5,2.35,Non-Performer,2
2838,4.7,2.8,3.75,Performer,1
2839,3,2.4,2.7,Non-Performer,2
2840,4.7,2.3,3.5,Performer,1
2841,3.2,3.2,3.2,Performer,1
2842,4.1,1.7,2.9,Non-Performer,2
2843,1.3,3,2.15,Non-Performer,2
2844,4.1,1.5,2.8,Non-Performer,2
2845,2.9,1.7,2.3,Non-Performer,2
2846,3.7,1.3,2.5,Non-Performer,2
2847,2.4,2,2.2,Non-Performer,2
2848,2.6,3.4,3,Performer,1
2849,4.9,3.1,4,Performer,1
2850,1.3,1.6,1.45,Non-Performer,2
2851,2.6,2.9,2.75,Non-Performer,2
2852,2.9,2.3,2.6,Non-Performer,2
2853,2.2,2.9,2.55,Non-Performer,2
2854,2.7,4.2,3.45,Performer,1
2855,2.7,3.8,3.25,Performer,1
2856,4.6,4,4.3,Performer,1
2857,4.5,3.1,3.8,Performer,1
2858,3.6,3.7,3.65,Performer,1
2859,2.5,1.9,2.2,Non-Performer,2
2860,3.3,3.4,3.35,Performer,1
2861,3.3,4.8,4.05,Performer,1
2862,4,4.5,4.25,Performer,1
2863,1.9,3.5,2.7,Non-Performer,2
2864,4,1.7,2.85,Non-Performer,2
2865,4.3,3.3,3.8,Performer,1
2866,1.9,1.4,1.65,Non-Performer,2
2867,1.6,3.2,2.4,Non-Performer,2
2868,2.2,3,2.6,Non-Performer,2
2869,3,1.9,2.45,Non-Performer,2
2870,4.4,4.8,4.6,Performer,1
2871,3.6,1.2,2.4,Non-Performer,2
2872,3.8,3.6,3.7,Performer,1
2873,2.5,1.3,1.9,Non-Performer,2
2874,2.2,1.5,1.85,Non-Performer,2
2875,4.8,3.9,4.35,Performer,1
2876,2.6,1.9,2.25,Non-Performer,2
2877,4.2,1.6,2.9,Non-Performer,2
2878,4.7,4.1,4.4,Performer,1
2879,1.5,2.7,2.1,Non-Performer,2
2880,3,2.4,2.7,Non-Performer,2
2881,2.3,1.2,1.75,Non-Performer,2
2882,1.5,3,2.25,Non-Performer,2
2883,2.7,4.1,3.4,Performer,1
2884,3.2,1.4,2.3,Non-Performer,2
2885,3.4,3.8,3.6,Performer,1
2886,2.6,1.6,2.1,Non-Performer,2
2887,2.9,2.1,2.5,Non-Performer,2
2888,2.3,1.6,1.95,Non-Performer,2
2889,1.8,3.8,2.8,Non-Performer,2
2890,1.7,1.2,1.45,Non-Performer,2
2891,2.9,3.8,3.35,Performer,1
2892,1.8,4.4,3.1,Performer,1
2893,1.7,4.6,3.15,Performer,1
2894,4.8,2.5,3.65,Performer,1
2895,3.1,1.6,2.35,Non-Performer,2
2896,2.8,3.3,3.05,Performer,1
2897,1.6,3,2.3,Non-Performer,2
2898,4.5,1.2,2.85,Non-Performer,2
2899,2.5,1.7,2.1,Non-Performer,2
2900,4.6,1.9,3.25,Performer,1
2901,2.1,4.1,3.1,Performer,1
2902,1.7,2.1,1.9,Non-Performer,2
2903,3.1,4.8,3.95,Performer,1
2904,4.8,4.7,4.75,Performer,1
2905,1.9,4.8,3.35,Performer,1
2906,4.2,2.1,3.15,Performer,1
2907,3.7,2,2.85,Non-Performer,2
2908,3,3.6,3.3,Performer,1
2909,3.8,2.5,3.15,Performer,1
2910,2.1,1.1,1.6,Non-Performer,2
2911,2.9,1.7,2.3,Non-Performer,2
2912,1.2,3,2.1,Non-Performer,2
2913,2.9,2.7,2.8,Non-Performer,2
2914,4.4,3.4,3.9,Performer,1
2915,4.6,4.9,4.75,Performer,1
2916,2,4.6,3.3,Performer,1
2917,1.8,1.4,1.6,Non-Performer,2
2918,1.3,1.6,1.45,Non-Performer,2
2919,4.1,4.7,4.4,Performer,1
2920,3.8,3.7,3.75,Performer,1
2921,1.7,4.4,3.05,Performer,1
2922,3.5,3,3.25,Performer,1
2923,2.2,4.1,3.15,Performer,1
2924,2.3,3.2,2.75,Non-Performer,2
2925,1.5,3.8,2.65,Non-Performer,2
2926,4.3,3.8,4.05,Performer,1
2927,3.5,2.2,2.85,Non-Performer,2
2928,2.8,3.6,3.2,Performer,1
2929,1.9,1.9,1.9,Non-Performer,2
2930,3.2,1.4,2.3,Non-Performer,2
2931,1.8,1.8,1.8,Non-Performer,2
2932,4.8,1.7,3.25,Performer,1
2933,3.1,1.8,2.45,Non-Performer,2
2934,1.9,2.9,2.4,Non-Performer,2
2935,3.1,2.4,2.75,Non-Performer,2
2936,1.3,3.5,2.4,Non-Performer,2
2937,3.4,3.6,3.5,Performer,1
2938,4.2,1.9,3.05,Performer,1
2939,3.3,1.6,2.45,Non-Performer,2
2940,2.1,3.2,2.65,Non-Performer,2
2941,4.8,1.9,3.35,Performer,1
2942,1.1,1.6,1.35,Non-Performer,2
2943,4,1.6,2.8,Non-Performer,2
2944,2.6,4.7,3.65,Performer,1
2945,4.1,4.7,4.4,Performer,1
2946,4.8,3.6,4.2,Performer,1
2947,4.2,1.7,2.95,Non-Performer,2
2948,4.5,1.4,2.95,Non-Performer,2
2949,4.7,1.6,3.15,Performer,1
2950,2.2,1.4,1.8,Non-Performer,2
2951,3.6,1.1,2.35,Non-Performer,2
2952,4.3,1.1,2.7,Non-Performer,2
2953,3,2.2,2.6,Non-Performer,2
2954,1.8,4.7,3.25,Performer,1
2955,1.8,1.5,1.65,Non-Performer,2
2956,2.6,3.1,2.85,Non-Performer,2
2957,1.2,3.6,2.4,Non-Performer,2
2958,3.8,4.4,4.1,Performer,1
2959,4.5,1.5,3,Performer,1
2960,4.4,4.8,4.6,Performer,1
2961,2.7,1.4,2.05,Non-Performer,2
2962,2.4,1.7,2.05,Non-Performer,2
2963,3.2,3.4,3.3,Performer,1
2964,2.7,4.5,3.6,Performer,1
2965,1.6,4.9,3.25,Performer,1
2966,1.3,2.4,1.85,Non-Performer,2
2967,4.4,1.3,2.85,Non-Performer,2
2968,3.5,2.9,3.2,Performer,1
2969,4.6,2.2,3.4,Performer,1
2970,3.9,2.4,3.15,Performer,1
2971,3.2,1.9,2.55,Non-Performer,2
2972,2.4,3.8,3.1,Performer,1
2973,3.1,1.2,2.15,Non-Performer,2
2974,1.5,2.8,2.15,Non-Performer,2
2975,4.7,4.3,4.5,Performer,1
2976,3.4,2,2.7,Non-Performer,2
2977,1.4,3,2.2,Non-Performer,2
2978,3.1,2.3,2.7,Non-Performer,2
2979,4.2,1.8,3,Performer,1
2980,1.4,1.3,1.35,Non-Performer,2
2981,2.8,3.6,3.2,Performer,1
2982,3.8,4.7,4.25,Performer,1
2983,1.4,1.1,1.25,Non-Performer,2
2984,1.8,3.3,2.55,Non-Performer,2
2985,3.9,1.3,2.6,Non-Performer,2
2986,4.5,2.2,3.35,Performer,1
2987,3.8,2.1,2.95,Non-Performer,2
2988,3.8,2.8,3.3,Performer,1
2989,1.7,3.7,2.7,Non-Performer,2
2990,1.4,3,2.2,Non-Performer,2
2991,4.9,1.8,3.35,Performer,1
2992,2.7,4.1,3.4,Performer,1
2993,2.1,2.4,2.25,Non-Performer,2
2994,1.7,2.7,2.2,Non-Performer,2
2995,2.8,4.8,3.8,Performer,1
2996,1.4,2.2,1.8,Non-Performer,2
2997,1.8,2.4,2.1,Non-Performer,2
2998,2.6,4.3,3.45,Performer,1
2999,2.2,4.8,3.5,Performer,1
3000,2.6,2.8,2.7,Non-Performer,2
